name;description;element_type;country;lat;long;exact;source;license
TEXT;TEXT;TEXT;TEXT;REAL;REAL;INT;TEXT;TEXT
[str];[str];[str];[str];[double];[double];1=exact,2=city,3=region,4=country;[str];[str]
7Fields;Storage Capacity connected to Germany and Austria;{S};Oesterreich;47.962006;13.356863;1;;
Aberdeen;;{P};Grossbritannien;57.13600455;-2.379727732;1;Shapefile;
Achim ;;{C};Deutschland;53.0092;9.0510401;2;;
AdriaticRovigo ;;{L};Italien;45.091667;12.586111;2;;
Aigelsbrunn;;{S};Oesterreich;47.981978;13.312084;1;;
Ajdovscina;;{C};Slowenien;45.8869025;13.909914;2;;
Alborg;;{P};Daenemark;57.036;9.927;2;;
AlcazarDeSanJuan;;{C};Spanien;39.3900748;-3.2100984;2;;
Aldbrough_1;;{S};Grossbritanien;53.813895;-0.087273;1;;
Aldbrough_2;;{S};Grossbritanien;53.813895;-0.087273;2;;
Aleksandrovka;;{C};Ukraine;47.6914432;31.2759129;2;;
Alessandria;;{P};Italien;44.90008;8.60944;2;;
Alexandroupolis;;{L};Griechenland;40.9399278;25.9940986;2;;
Alfonsine;;{S};Italien;;;4;;
Algete;;{C};Spanien;40.594137;-3.505781;2;;
Alkmaar;Grijpskerk, Norg (NAM) and Alkmaar (TAQA) = Groningen System - No longer offering capacity to be considered as a production facility;{S};Holland;52.650953;4.716946;1;;
Allmenhausen;;{S};Deutschland;51.219587;10.702464;1;;
Almendralejo;;{P};Spanien;38.711202;-6.382539;1;;
Almeria;;{P};Spanien;36.8348;-2.4636;2;;
Alphen;;{C};Holland;51.4823836;4.9533065;2;;
Alrewas;;{C};Grossbritannien;52.73869018;-1.77561329;1;;
AlsaceSud;;{S};Frankreich;NaN;NaN;2;;
Altamura;;{P};Italien;40.827134;16.553126;2;;
Alveringem;;{I};Belgien;51.0123224;2.7095311;3;;
Ampeleia;;{P};Griechenland;39.56;20.83;4;;
Ananiev;;{C};Ukraine;47.714758;29.9913264;2;;
Angouleme;;{P};Frankreich;45.646;0.149;2;;
AnnaPaulowna;Anna Paulowna;{P};Holland;52.857;4.839;2;;
Annecy;;{P};Frankreich;45.903;6.126;2;;
Arad;;{P};Rumaenien;46.1817;21.31056;2;;
ArieuxEnGohelle;;{C};Frankreich;50.36334;2.869612;2;;
Arnedo;;{C};Spanien;42.2256792;-2.1020752;2;;
Arnoldstein;Schiebestation;{P};Oesterreich;46.5499903;13.7057619;2;;
Ascol;;{P};Grossbritannien;53.27269569;-2.443681557;1;Shapefile;
Atwick;;{S};Grossbritanien;53.946533;-0.207479;1;;
AuAmRhein;Au am Rhein;{P};Deutschland;48.953;8.24;2;;
Auchenblae;;{P};Grossbritannien;56.93445114;-2.421708547;1;Shapefile;
Audley_1;;{P};Grossbritannien;53.05773383;-2.355566146;1;Shapefile;
Audley_2;;{P};Grossbritannien;53.05784313;-2.356635465;1;Shapefile;
Auros;;{C};Frankreich;44.495849;-0.146575;2;;
AuversLeHanom;;{C};Frankreich;47.902617;-0.353136;2;;
Avilles;;{P};Spanien;43.557;-5.924;2;;
Avion;;{C};Frankreich;50.412326;2.824277;2;;
Avonbridge;;{C};Grossbritannien;55.919744;-3.740241;2;;
Avonmouth;;{C};Grossbritannien;51.5306638;-2.654260229;1;;
Aylesbury;;{C};Grossbritannien;51.86022749;-0.962549867;1;;
Backbarrow;;{P};Grossbritannien;54.24208053;-2.982653303;1;Shapefile;
BackiBreg;;{I};Serbien;45.9166015;18.9673241;3;;
Bacton;;{P};Grossbritannien;52.8506;1.466;2;;
Badajoz;;{P};Spanien;38.87665;-6.9714;2;;
BadLauchstaedt;;{S};Deutschland;51.430367;11.833526;1;;
BadLeonfelden;Bad Leonfelden;{P};Oesterreich;48.521;14.292;2;;
BadSalzuflen;Bad Salzuflen;{P};Deutschland;52.068;8.775;2;;
BagnoloMella;;{S};Italien;45.423202;10.138115;1;;
Balanceanca;;{S};Rumaenien;44.389969;26.310924;1;;
Balassagyarmat;;{I};Ukraine;48.0711866;19.2937136;3;;
Baldenheim;;{C};Frankreich;48.237634;7.539465;2;;
Balerno;;{P};Grossbritannien;55.85497958;-3.360578891;1;Shapefile;
Balgzand;;{E};Holland;52.8982381;4.845275;2;;
Balhalgardy;;{P};Grossbritannien;57.30695383;-2.410211415;1;Shapefile;
Ballylumford;;{P};Grossbritannien;54.84019;-5.788932;1;;
BanatskiDvor;;{S};Serbien;45.537223;20.47481;1;;
Baneras;;{C};Spanien;41.2794548;1.5808175;2;;
Banks;;{P};Grossbritannien;55.00556846;-2.711177313;1;Shapefile;
Bar;Vinnytsia region;{C};Ukraine;49.0768482;27.6826121;2;;
Barbaira;;{P};Frankreich;43.1756;2.513;2;;
Barcelona;;{P};Spanien;41.398;2.174;2;;
Basel;;{I};Oesterreich;47.5595986;7.5885761;3;;
Bata;;{C};Ungarn;46.126703;18.7741311;2;;
Bathgate;;{P};Grossbritannien;55.91941138;-3.741778958;1;Shapefile;
Baumgarten;Baumgarten an der March;{P};Oesterreich;48.316295;16.875328;1;;
Bayonne;;{P};Frankreich;43.493;-1.462;2;;
Beattock;;{P};Grossbritannien;55.3;-3.452;2;;
Belfast;;{P};Grossbritannien;54.589;-5.911;2;;
Beltoft;;{P};Grossbritannien;53.54848127;-0.766014021;1;Shapefile;
Benevento;;{P};Italien;41.128905;14.781876;2;;
Berdichev;;{C};Ukraine;49.9106591;28.5900313;2;;
Beregdaroc;;{C};Ungarn;48.1985108;22.5320069;2;;
Beregovaya;;{C};Russland;47.215356;39.7212251;2;;
Bergermeer;;{S};Holland;52.639238;4.744591;2;;
BergischPaffrath;Bergisch-Paffrath;{P};Deutschland;50.998;7.101;2;;
Berlin;;{S};Deutschland;52.513276;13.224641;1;;
Bernalda;;{P};Italien;40.412126;16.688712;2;;
Bernburg;;{S};Deutschland;51.751229;11.75463;2;;
Berneau;;{P};Belgien;50.7419;5.7318;2;;
Beverwijk;;{C};Holland;52.487665;4.700005;1;;
Beynes;;{P};Frankreich;48.844032;1.873865;1;;
BeynesProfond;;{S};Frankreich;48.843875;1.873851;1;;
BeynesSup;;{S};Frankreich;48.843875;1.873851;1;;
Beziers;;{P};Frankreich;43.34632;3.231472;2;;
Bibesti;;{C};Rumaenien;44.7815366;23.4907078;2;;
Biccari;;{P};Italien;41.396964;15.195382;2;;
Bierwang;;{S};Deutschland;48.127548;12.402956;1;;
Bilbao;;{L};Spanien;43.3612;-3.09473;2;;
Bilciuresti;;{S};Rumaenien;44.690654;25.775177;1;;
BilishtQendr;;{P};Albanien;40.581944;21.000003;1;;
Birch;;{P};Grossbritannien;53.14962509;-2.682331726;1;Shapefile;
Biriatou;;{I};Frankreich;43.333204;-1.743022;3;;
Birmingham;;{P};Grossbritannien;52.478;-1.883;2;;
Bishop;;{C};Grossbritannien;54.6707702;-1.565698513;1;;
Bizzarone;;{P};Italien;45.834135;8.946413;2;;
Blackness;;{P};Grossbritannien;56.00165371;-3.542202514;1;Shapefile;
Blanchland_1;;{P};Grossbritannien;54.85238788;-2.076395621;1;Shapefile;
Blanchland_2;;{P};Grossbritannien;54.85220165;-2.076298139;1;Shapefile;
Bobbau;;{P};Deutschland;51.703309;12.251789;1;;
Bochholtz;;{I};Holland;50.8180412;6.0088551;3;;
Bocholtz;;{P};Holland;50.817365;6.021767;1;;
Bonikowo;;{S};Polen;52.120077;16.645469;2;;
Bordano;;{P};Italien;46.31489;13.105341;2;;
Bordolano;;{S};Italien;45.287349;9.982015;1;;
Bornicke;;{P};Deutschland;52.6625882;13.6406119;2;;
Bosentino;;{P};Italien;46.001982;11.224358;2;;
Bourbonne;Bourbonne-les-Bains??;{P};Frankreich;47.949;5.749;2;;
Braco;;{P};Grossbritannien;56.24485259;-3.927125454;1;Shapefile;
Braga;;{P};Portugal;41.541;-8.414;2;;
Brammer;;{P};Deutschland;52.969855;9.346443;1;;
Brandon;;{P};Grossbritannien;54.75518528;-1.672319617;1;Shapefile;
Brandov;HoraSvKaterinyBrandow/Olbernhau;{P};Tschechien;50.635;13.39;2;;
Breal;;{C};Frankreich;48.048439;-1.864231;2;;
Breclav;;{C};Tschechien;48.75314;16.8825169;2;;
Breheville;;{C};Frankreich;49.382658;5.329267;2;;
Breitbrunn;;{S};Deutschland;47.922265;12.433821;2;;
BremenLesum;;{S};Deutschland;53.160905;8.718167;1;;
Brest;;{P};Frankreich;48.402;-4.48;2;;
Bretherton;;{P};Grossbritannien;53.66950164;-2.801337695;1;Shapefile;
Brighthouse;;{C};Grossbritannien;54.78735;-4.12912;2;;
BrighthouseBay;;{I};Grossbritanien;54.78735;-4.12912;3;;
Brindisi;;{P};Italien;40.593587;17.860057;2;;
Brizambourg;;{C};Frankreich;45.822208;-0.479831;2;;
Brodske;Brodske_Lanzhot nach Deutschland;{P};Slowakei;48.699;17.025;2;;
BruggrafBernsdorf;;{S};Deutschland;51.207898;11.479785;1;;
Brugherio;;{S};Italien;;;5;;
Brunnsviksholme;;{L};Schweden;58.922139;17.976153;2;;
Brzeznica;;{S};Polen;;;5;;
Buchholz;;{S};Deutschland;52.174964;12.926628;1;;
Budapest;;{P};Ungarn;47.49059;19.245;2;;
Budince;;{E};Slowakei;48.5448153;22.1227244;2;;
Bunde;;{C};Deutschland;53.1850881;7.2712674;2;;
Burghausen;;{P};Deutschland;48.17;12.826;2;;
Burgos;;{P};Spanien;42.346;-3.691;2;;
Cairnorrie;;{P};Grossbritannien;57.49155078;-2.195485886;1;Shapefile;
CalderariEnna;Calderari Enna;{P};Italien;37.560406;14.366079;1;;
Caldonazzo;;{P};Italien;45.993482;11.261135;2;;
Cambridge;;{C};Grossbritannien;52.0812606;0.166856789;1;;
CampagnaLupia;Campagna Lupia;{P};Italien;45.353355;12.097296;2;;
Campochiaro;;{P};Italien;41.447384;14.508592;2;;
CampoMaior;Campo Maior;{P};Portugal;39.022;-7.059;2;;
Candela;compressor;{P};Italien;41.136273;15.514454;2;;
Captiex;;{C};Frankreich;44.291534;-0.261723;2;;
Carnforth;;{C};Grossbritannien;54.10108859;-2.737139207;1;;
Carregado;;{C};Portugal;39.0226889;-8.9769208;2;;
Carrickfergus;;{P};Grossbritannien;54.722;-5.811;2;;
Carrio;;{S};Portugal;39.983508;-8.85463;1;;
Cartagena;;{P};Spanien;37.624;-0.998;2;;
Casalborsetti;;{P};Italien;44.554176;12.264301;1;;
Cavarzere;;{P};Italien;45.133742;12.08022;2;;
Caythorpe;;{S};Grossbritanien;54.114951;-0.359108;2;;
Cellino;;{S};Italien;;;4;;
Centa;;{P};Serbien;45.1370648;20.3957518;2;;
Cersak;;{I};Slowenien;46.699017;15.6679742;3;;
Cervignano;;{P};Italien;45.372148;9.424874;2;;
Cerville ;;{S};Frankreich;48.707076;6.298375;1;;
CetateaDeBalta;;{S};Rumaenien;46.23695;24.208115;1;;
ChateauLandon;;{C};Frankreich;48.150232;2.704426;2;;
Chazelles;;{C};Frankreich;45.64714;0.367019;2;;
Chelmsford;;{C};Grossbritannien;51.75082117;0.404054565;1;;
Cherbourg;;{P};Frankreich;49.627;-1.602;2;;
Chieti;;{P};Italien;42.358755;14.141819;2;;
Child;;{P};Grossbritannien;50.9256087;-2.245209524;1;Shapefile;
Chinchilla;;{P};Spanien;38.921677;-1.7253;2;;
Chiren;;{S};Bulgarien;43.349887;23.592123;1;;
Chivasso;;{P};Italien;45.185492;7.901613;2;;
Churchover;;{C};Grossbritannien;52.41508373;-1.27196689;1;;
Churchover_1;;{P};Grossbritannien;52.41993279;-1.252979405;1;Shapefile;
Churchover_2;;{P};Grossbritannien;52.41320746;-1.270178039;1;Shapefile;
Ciciliano;;{P};Italien;41.957909;12.94136;2;;
Ciechanow;;{C};Polen;52.8814838;20.6197948;2;;
Cieszyn;;{C};Polen;49.7497638;18.6354709;2;;
Cleish;;{P};Grossbritannien;56.15954838;-3.507440931;1;Shapefile;
Clifton;;{P};Grossbritannien;52.69523218;-1.635780412;1;Shapefile;
Collalto;;{S};Italien;45.852895;12.188481;1;;
Colmworth;;{P};Grossbritannien;52.21453368;-0.366846027;1;Shapefile;
Coolkeeragh;power station at Coolkeeragh;{P};Grossbritannien;55.043776;-7.248705;1;;
Cordoba;;{P};Spanien;37.886;-4.7803;2;;
Cornegliano;;{S};Italien;45.287745;9.462563;1;;
Cortemaggiore;;{S};Italien;44.991076;9.920891;1;;
Cosby;;{P};Grossbritannien;52.54070387;-1.206554188;1;Shapefile;
Courthezon;;{C};Frankreich;44.085647;4.882963;2;;
Craigearn;;{P};Grossbritannien;57.21070677;-2.453183487;1;Shapefile;
Crathes;;{P};Grossbritannien;57.02689886;-2.427373618;1;Shapefile;
Cremona;;{P};Italien;45.136959;10.0225;2;;
Crevillente;;{C};Spanien;38.2446844;-0.8113636;2;;
Crook;;{P};Grossbritannien;54.68470243;-1.769934506;1;Shapefile;
Crotone;;{P};Italien;39.078971;17.113881;2;;
Csanadpalota;;{I};Ukraine;46.2361111;20.7325;3;;
CugnoLeMacine;Cugno le Macine (Grottole-Ferrandina);{S};Italien;40.404885;16.532677;1;;
Cupello;;{P};Italien;42.024817;14.701403;2;;
Cuvilly;;{P};Frankreich;49.530886;2.703964;1;;
Damasawek;;{S};Polen;52.836586;17.499403;2;;
Damboice;;{S};Tschechien;49.054629;16.91432;1;;
Daszewo;;{S};Polen;54.078486;15.881808;2;;
Deborah;;{S};Grossbritanien;52.878453;1.44754;2;;
Denia;;{C};Spanien;38.8387992;0.1050557;2;;
DeutschJahndorf;Deutsch Jahndorf;{P};Oesterreich;48.01;17.107;2;;
Deutschneudorf;;{P};Deutschland;50.621;13.473;2;;
DierreyStJulien;;{C};Frankreich;48.310884;3.829932;2;;
Dilsen;;{I};Belgien;51.03747;5.72215;3;;
Diss;;{C};Grossbritannien;52.33222249;1.132177892;1;;
DolniBojanovice;;{S};Tschechien;48.871374;17.028471;1;;
Dolyna;;{C};Ukraine;48.9764573;23.9892459;2;;
Donges;;{P};Frankreich;47.332;-2.069;2;;
DonjiMiholac;;{I};Kroatien;45.762142;18.1651379;3;;
Dornum;Emden;{P};Deutschland;53.66;7.404;2;;
Dravaszerdahely;;{I};Ukraine;45.8363562;18.1638527;3;;
Drax;;{P};Grossbritannien;53.73127878;-0.942728575;1;Shapefile;
Drochia;;{C};Moldawien;48.1177021;27.8080001;2;;
Drohne;;{P};Deutschland;52.429729;8.354677;1;;
Drozdwicze;;{E};Polen;49.8087968;23.6441847;2;;
Drumeldrie;;{P};Grossbritannien;56.22031548;-2.888164664;1;Shapefile;
Duerrengleina;Duerrengleina, Milda;{P};Deutschland;50.856735;11.553175;1;;
Dunkerque;LNG Termninal Dunkirch;{P};Frankreich;51.038;2.4;2;;
Dunton;;{P};Grossbritannien;51.30786659;0.155359992;1;Shapefile;
Duxford;;{P};Grossbritannien;52.08238503;0.163939608;1;Shapefile;
Dymock;;{P};Grossbritannien;51.97075266;-2.440713509;1;Shapefile;
East ;;{P};Grossbritannien;57.19629971;-2.312651012;1;Shapefile;
East I;;{P};Grossbritannien;51.5220111;-1.278378775;1;Shapefile;
Eggendorf;;{C};Oesterreich;47.8581317;16.3221872;2;;
Egtved;;{C};Daenemark;55.617559;9.3122919;2;;
Eischleben;;{P};Deutschland;50.902646;11.006814;1;;
ElFerrol;;{L};Spanien;43.489646;-8.2193451;2;;
Ellund;Deudan;{C};Deutschland;54.7958121;9.3083302;2;;
Ellund_D;;{P};Deutschland;54.801878;9.289041;1;;
Ellund_DK;;{P};Daenemark;54.80609;9.29094;1;;
Elten;;{C};Deutschland;51.873211;6.1623348;2;;
Elvanfoot;;{P};Grossbritannien;55.43846479;-3.665440888;1;Shapefile;
Elworth;;{P};Grossbritannien;53.1563848;-2.411266389;1;Shapefile;
Embsen;;{P};Deutschland;53.0268;9.022361;1;;
Emden;;{E};Deutschland;53.3594029;7.2060095;2;;
Empelde;;{S};Deutschland;52.339624;9.650892;1;;
Emsburen;;{I};Deutschland;52.3926684;7.2926853;3;;
EnergyStock;;{S};Holland;;;4;;
Enna;;{C};Italien;37.5099321;14.262851;2;;
EntreDeuxGuiers;;{C};Frankreich;45.433287;5.7521129;2;;
Enzersfeld;;{P};Oesterreich;48.36;16.42;2;;
Epe_H;;{S};Deutschland;52.175948;7.006152;1;;
Epe_L;;{S};Deutschland;52.17595;7.00616;1;;
Eschenfelden;;{S};Deutschland;52.175948;7.006152;1;;
Etrez;;{S};Frankreich;46.336132;5.212561;1;;
Etzel_CH;;{P};Schweiz;47.1774817;8.7677996;2;;
Etzel_D;;{S};Deutschland;53.461064;7.912085;1;;
Euskadour;;{C};Spanien;;;5;;
EvryGregy;;{C};Frankreich;48.6539418;2.6357442;2;;
EWE_Elsfleth;;{S};Deutschland;53.194313;8.400715;1;;
Ewijk;;{P};Holland;51.845368;5.722341;1;;
Exeter;;{P};Grossbritannien;50.721;-3.519;2;;
Eynatten;;{P};Belgien;50.7;6.09;2;;
Fairstead;;{P};Grossbritannien;52.74867609;1.41570954;1;Shapefile;
Falahill;;{P};Grossbritannien;55.79590063;-3.00178028;1;Shapefile;
Fallentor;;{I};Schweiz;47.658044;8.6948726;3;;
Felindre;;{C};Grossbritannien;51.69076021;-3.955976771;1;;
Finsing;;{P};Deutschland;48.223;11.798;2;;
FiumeTreste;;{S};Italien;42.022911;14.699295;1;;
Flaibano;;{P};Italien;46.057566;12.984152;2;;
FluxysZeebrugge;;{L};Belgien;51.353;3.22241;2;;
Fockbek;Molchstation  Fockbek;{P};Deutschland;54.3;9.6;2;;
Foligno;;{P};Italien;42.948536;12.69996;2;;
Folmhusen;;{P};Deutschland;53.17366;7.496896;1;;
FontenayMauvoisin;;{P};Frankreich;48.95313;1.638196;1;;
Forchheim;;{P};Deutschland;48.826787;11.683951;2;;
Fordoun;;{P};Grossbritannien;56.88341839;-2.405535929;1;Shapefile;
FosCavaou;;{L};Frankreich;43.41963;4.90102;2;;
FosTonkin ;;{L};Frankreich;43.454;4.85167;2;;
FosSurMer;Fos Sur Mer;{P};Frankreich;43.45;4.891;2;;
Frankenthal;;{S};Deutschland;49.555408;8.409677;1;;
Frankton;;{P};Grossbritannien;52.32780019;-1.389373057;1;Shapefile;
Fronhofen;;{S};Deutschland;47.851208;9.414961;1;;
Gagliano;;{P};Italien;37.70948;14.53523;2;;
GaglianoSparacollo;Gagliano (Sparacollo);{P};Italien;37.684813;14.652717;3;;
Galata;;{S};Bulgarien;43.186113;28.205624;2;;
Galgate;;{P};Grossbritannien;53.99951804;-2.768220113;1;Shapefile;
Gallese;Gallese Civita Cast.;{P};Italien;42.373095;12.40241;2;;
Gargunnock;;{P};Grossbritannien;56.10473774;-3.998680074;1;Shapefile;
Gatchinskoye;;{S};Russland;;;4;;
GateRotterdam;Rotterdam;{L};Holland;51.973837;4.064029;1;;
Gateway;;{S};Grossbritanien;54.099578;-3.18364;1;;
Gaviota;;{S};Spanien;43.443007;-2.756361;1;;
Gaviota ;;{P};Spanien;42.18;3.1;2;;
Gebirgsneudorf;Extra;{P};Tschechien;50.5859;13.441;2;;
Gela;;{P};Italien;37.052698;14.269219;2;;
GermignySousCoulombs;;{S};Frankreich;49.055792;3.173434;1;;
Gernsheim;;{P};Deutschland;49.7574082;8.4885231;2;;
Gerstein;Hamm-Werne;{P};Deutschland;51.65;7.64;2;;
Ghercesti;;{S};Rumaenien;44.352658;23.886504;2;;
Gijon;;{P};Spanien;43.534;-5.664;2;;
Girona;;{P};Spanien;41.976;2.818;2;;
Giurgiu;;{P};Rumaenien;43.9046;25.9625;2;;
Glenmavis;;{P};Grossbritannien;55.89257658;-4.013319045;1;Shapefile;
Golasecca;;{P};Italien;45.697737;8.658697;2;;
Golenoiow;;{C};Polen;53.56382;14.82843;2;;
Gonars;;{P};Italien;45.897033;13.236542;2;;
Gorizia;;{P};Italien;45.942831;13.619396;2;;
Gormanston;Gormanston/Ballough;{P};Irland;53.638742;-6.22249;1;;
Goteborg;;{L};Schweden;57.70887;11.97456;2;;
GournaySurAronde;;{S};Frankreich;49.526019;2.699989;1;;
Grafendorf ;bei Hartberg;{C};Oesterreich;47.3404037;15.9911036;2;;
Gravenvoeren;;{I};Belgien;50.7587829;5.7611628;3;;
Grayrigg;;{P};Grossbritannien;54.37033107;-2.674884378;1;Shapefile;
Great;;{P};Grossbritannien;52.40534588;-0.218485128;1;Shapefile;
Greifswald;;{E};Deutschland;54.716599;13.3923414;2;;
Grenada;;{P};Spanien;37.182;-3.602;3;;
Griespass;Griespass (VS);{P};Italien;46.45;8.3666667;2;;
Grijpskerk;no production facility;{S};Holland;53.278554;6.31028;1;;
Groningen;;{P};Holland;53.224;6.569;2;;
GrossKoeris;Gross Koeris;{P};Deutschland;52.164;13.663;2;;
Grotegaste;;{P};Deutschland;53.17;7.39;3;;
GrubisnoPolje;;{S};Croatia;45.718357;17.194853;2;;
Grumento;;{P};Italien;40.316324;15.90466;1;;
GSDVirtualGasStorageDenmark;;{S};Daenemark;;;5;;
Gustorzyn;;{C};Polen;52.6591774;18.8777344;2;;
Gusyatin;;{C};Ukraine;49.073147;26.1831731;2;;
Haehnlein;;{S};Deutschland;49.7458;8.554382;1;;
Haidach;Storage Capacity solely connected to Germany;{S};Oesterreich;47.9867;13.232375;1;;
Haiming;;{P};Deutschland;48.193991;12.851803;1;;
Hajduszoboszlo;;{S};Ungarn;47.507335;21.366312;1;;
Hamburg;;{P};Deutschland;53.561;10.011;2;;
HamStreet;;{P};Grossbritannien;51.11561208;-2.620932257;1;Shapefile;
Hardingham;;{P};Grossbritannien;52.61556594;1.024303992;1;Shapefile;
Haro;;{C};Spanien;42.5768716;-2.8502302;2;;
Harsefeld;;{S};Deutschland;53.435469;9.482867;1;;
HassiRMel;;{P};Algerien;32.9349916;3.2684215;2;;
HatfieldMoor;;{S};Grossbritanien;53.553344;-0.958426;1;;
Hatton;;{C};Grossbritannien;53.26989703;-0.240515533;1;;
Hauterives;;{S};Frankreich;;;2;;
Hawarden;;{P};Grossbritannien;53.2408134;-3.036160694;1;Shapefile;
Hays;;{P};Grossbritannien;53.16553096;-2.405954911;1;Shapefile;
Heapy;;{P};Grossbritannien;53.66874764;-2.598467263;1;Shapefile;
Helpston;;{P};Grossbritannien;52.62189979;-0.345173733;1;Shapefile;
Helsby;;{P};Grossbritannien;53.2755149;-2.772324221;1;Shapefile;
Herbstein;;{C};Deutschland;50.549247;9.33958;2;;
Herchenrode;;{P};Deutschland;49.76;8.7;4;;
Hermahnowice;;{I};Polen;49.7230552;22.8148987;3;;
Hespenbusch;;{C};Deutschland;;;5;;
HillTopFarm;Hill Top Farm (Cheshire);{S};Grossbritanien;53.138712;-2.456099;2;;
Hilvarenbeek;;{C};Holland;51.4856827;5.1384062;2;;
HJe;;{S};Tschechien;49.657311;14.048542;1;;
HoleHouseFarm;;{S};Grossbritanien;53.138712;-2.456099;2;;
Holford;;{S};Grossbritanien;53.225722;-2.405628;1;;
HolfordBrinefield;;{S};Grossbritanien;53.234049;-2.434752;1;;
Hollinsgreen;;{P};Grossbritannien;53.16966247;-2.413775835;1;Shapefile;
Honeybourne;;{P};Grossbritannien;52.09029916;-1.846021933;1;Shapefile;
HoraSvateKateriny;;{C};Tschechien;50.6063162;13.4367336;2;;
Hornby;;{P};Grossbritannien;54.43744794;-1.430939743;1;Shapefile;
Hornsea;Hornsea (Atwick);{S};Grossbritanien;53.946602;-0.207576;1;;
Hospozin;;{P};Tschechien;50.312;14.17;2;;
Hostim;;{C};Tschechien;49.0185906;15.894895;2;;
Huegelheim;;{P};Deutschland;47.835122;7.596259;1;;
Huelva;;{P};Spanien;37.2615;-6.9422;2;;
Hugelheim;;{I};Deutschland;47.8302767;7.6210786;3;;
HumblyGrove;;{S};Grossbritanien;51.194305;-1.010382;1;;
Huntingdon;;{C};Grossbritannien;52.31032265;-0.362344801;1;;
Huntorf;;{S};Deutschland;53.19421;8.400683;1;;
Husow;;{S};Polen;50.006978;22.264141;1;;
Hust;;{C};Ukraine;48.1734633;23.2972476;2;;
Ibiza;;{P};Spanien;39;1.46;3;;
Ihtiman;;{C};Bulgarien;42.4382418;23.8161718;2;;
Imatra;;{C};Finnland;61.1695977;28.7645463;2;;
Indefatigable;Indefatigable (Hewitt);{P};Grossbritannien;53.55;2.301;3;;
Ingleby;;{P};Grossbritannien;54.42789167;-1.109318609;1;Shapefile;
VirtualStorageTschechien;;{S};Tschechien;;;2;;
Inukalns;;{S};Lettland;57.169567;24.696409;1;;
Inverurie;;{P};Grossbritannien;57.26096297;-2.330271642;1;Shapefile;
Inzenham;;{I};Deutschland;47.8808712;12.2282127;3;;
InzenhamWest;;{S};Deutschland;47.887547;12.103307;2;;
Isaccea;;{E};Rumanien;45.265423;28.4607273;2;;
Islandmagee;;{S};Grossbritanien;54.842619;-5.778247;1;;
Istrana;Compressor;{P};Italien;45.715303;12.072133;1;;
Ivasevichi;;{C};Weissrussland;52.7079632;25.3353752;2;;
Izaute;;{S};Frankreich;;;4;;
Jaroslaw;;{C};Polen;50.0161463;22.6777169;2;;
Jauniunai;;{C};Litauen;54.941019;25.00762;2;;
Jeleniow;;{C};Polen;50.4219019;16.2595368;2;;
Jemgum;The initial gas filling started in September 2013, first commercial operations were conducted in 2014/15.;{S};Deutschland;53.253484;7.388862;1;;
Jupa;;{C};Rumaenien;45.4591308;22.186488;2;;
Jura;;{I};Frankreich;47.3444474;7.1430608;3;;
Kaliningradskoe;;{S};Russland;;;4;;
Kalle;;{S};Deutschland;53.253484;7.388862;1;;
Kardam;;{C};Bulgarien;43.7538009;28.1079003;2;;
Kardoskut;;{S};Ungarn;46.495789;20.71714;1;;
Karksi;;{I};Estland;58.1002085;25.5493386;3;;
Karlsruhe;;{P};Deutschland;49.01378;8.404;2;;
Karsto;;{P};Norwegen;59.282;5.541;3;;
Kasachya;;{C};Ukraine;49.5833333;36.35;2;;
Katharina;;{S};Deutschland;51.748403;11.742807;1;;
Kidricevo;;{P};Slowenien;46.4050135;15.7947234;2;;
Kiefersfelden;;{I};Deutschland;47.6181459;12.1868662;3;;
KielRoenne;;{S};Deutschland;54.266597;10.200844;1;;
Kiemenai;;{I};Litauen;56.2502439;24.2909848;3;;
Kienbaum;;{P};Deutschland;52.4483075;13.9567212;2;;
Kilby;;{P};Grossbritannien;52.5460921;-1.082707723;1;Shapefile;
Killingholme;;{P};Grossbritannien;53.641;-2.64;2;;
Kinbuck;;{P};Grossbritannien;56.23625498;-3.94094422;1;Shapefile;
Kings;;{P};Grossbritannien;52.71582283;0.547139531;1;Shapefile;
KingStreet;;{S};Grossbritanien;53.255659;-2.447396;1;;
Kinharrachie;;{P};Grossbritannien;57.3721576;-2.15221155;1;Shapefile;
KinsaleSouthwest;;{S};Irland;51.608848;-8.533264;2;;
Kipi;;{C};Estland;58.2502984;22.0401873;2;;
Kipoi;;{P};Griechenland;39.862;20.792;2;;
KipoiBorderCrossing;Border Crossing Point;{E};Griechenland;40.9450804;26.3110854;2;;
Kirchberg;Wagram;{P};Oesterreich;48.4319861;15.8974939;2;;
Kirchheiligen;;{S};Deutschland;51.219587;10.702464;1;;
Kirkby_1;;{P};Grossbritannien;52.82940331;-0.434214876;1;Shapefile;
Kirkby_2;;{P};Grossbritannien;52.59098769;-1.332009441;1;Shapefile;
Kirkbymoorside;;{P};Grossbritannien;54.25879711;-0.931028148;1;Shapefile;
Kirklevington;;{P};Grossbritannien;54.48065654;-1.357672547;1;Shapefile;
Kirovograd;;{C};Ukraine;48.507933;32.262317;2;;
Kirriemuir;;{C};Grossbritannien;56.68104364;-2.925588306;1;;
Kiskundorozsma;;{I};Tschechien;46.2730809;20.063011;3;;
Kittsee;;{P};Oesterreich;48.09;17.068;2;;
Kobrin;;{C};Weissrussland;52.2141109;24.3581792;2;;
Komotini;;{E};Griechenland;41.1224394;25.4065582;2;;
Kondratki;;{P};Polen;53.014;23.9105;2;;
Korneti;;{E};Lettland;57.5928519;26.9434759;2;;
Kosakowo;;{S};Polen;54.606362;18.454148;1;;
Kotlovka;;{E};Litauen;54.716599;25.7475233;2;;
Kouchdiet;;{C};Algerien;36.936721;8.642711;2;;
Kourim;;{C};Tschechien;50.0030583;14.63623176;2;;
Kouvola;;{C};Finnland;60.8678835;26.7041602;2;;
Kraak;;{S};Deutschland;53.422766;11.360765;2;;
Kralice;;{C};Tschechien;49.1992726;16.2015641;2;;
Krsilov;;{C};Ukraine;49.6492023;26.9757217;2;;
Krummhoern;;{S};Deutschland;53.36059;7.065929;1;;
Krupki;;{C};Weissrussland;54.3269605;29.1426031;2;;
Kulata;;{I};Bulgarien;41.3875814;23.3632506;3;;
Kyustendil;;{I};Bulgarien;42.2868817;22.6939308;3;;
LaBegudeDeMazenc;;{C};Frankreich;44.5458519;4.935637;2;;
Lacq;;{P};Frankreich;43.421;-0.614;2;;
Lanark;;{P};Grossbritannien;55.64035456;-3.721376847;1;Shapefile;
Lanchester;;{P};Grossbritannien;54.81903409;-1.785008778;1;Shapefile;
Lanzhot;;{C};Tschechien;48.7244312;16.9669527;2;;
Laprade;;{C};Frankreich;43.443079;2.258728;2;;
Larbert;;{P};Grossbritannien;56.01164402;-3.863198752;1;Shapefile;
Larino;;{P};Italien;41.801085;14.919371;3;;
Larrau;;{I};Frankreich;43.018757;-0.955718;3;;
Lasow;;{I};Polen;51.2286263;15.0307916;3;;
LaSpezia;;{P};Italien;44.116;9.838;2;;
Latiano;;{P};Italien;40.550803;17.717742;2;;
Laurencekirk;;{P};Grossbritannien;56.82727392;-2.517839019;1;Shapefile;
Lauria;;{P};Italien;40.050224;15.840378;2;;
Lauterbach;;{P};Deutschland;50.650638;9.371877;3;;
Lavenham;;{P};Grossbritannien;52.09306768;0.79359828;1;Shapefile;
Lazonby;;{P};Grossbritannien;54.77766027;-2.759805251;1;Shapefile;
LB4;;{S};Slowakei;48.425456;16.900032;1;;
Lebus;;{P};Deutschland;52.421;14.533;2;;
Legden;;{P};Deutschland;52.047;7.109;2;;
LeHavre;;{P};Frankreich;49.499;0.125;2;;
Leiria;;{P};Portugal;39.747;-8.8086;2;;
Leonberg;;{P};Deutschland;48.799;9.01;2;;
Lichtenau;;{P};Oesterreich;48.502;15.379;2;;
LilleTorup;;{S};Daenemark;56.640401;9.41462;1;;
Lillington;;{P};Grossbritannien;50.90914421;-2.540139543;1;Shapefile;
Lindau;;{I};Deutschland;47.5797815;9.6789333;3;;
Lingen;;{P};Deutschland;52.516;7.331;2;;
Lippe;;{P};Deutschland;52.05857;8.699208;1;;
Little;;{P};Grossbritannien;53.32492464;0.027418314;1;Shapefile;
Livorno;G.N.L. Livorno;{P};Italien;43.547519;10.311025;2;;
Llandarcy;;{P};Grossbritannien;51.643;-3.854;2;;
Llangynog;;{P};Grossbritannien;51.8120129;-4.420903402;1;Shapefile;
Llanvetherine;;{P};Grossbritannien;51.85700861;-2.938166048;1;Shapefile;
Lobodice;;{S};Tschechien;49.401112;17.298313;1;;
Lockerley;;{C};Grossbritannien;51.02403276;-1.570798531;1;;
Loenhout;;{S};Belgien;51.386993;4.703353;1;;
Long I;;{P};Grossbritannien;51.78977651;-1.02234067;1;Shapefile;
Long II;;{P};Grossbritannien;55.23142181;-1.78290472;1;Shapefile;
Longformacus;;{P};Grossbritannien;55.8286098;-2.519776365;1;Shapefile;
Longridge;;{P};Grossbritannien;53.85393218;-2.666759854;1;Shapefile;
Lostorf;Lostorf (SO);{P};Schweiz;47.386;7.946;2;;
Loughshinny;;{P};Irland;53.548;-6.084;2;;
Lozenets;;{C};Bulgarien;42.2082646;27.8066174;2;;
Loznica;;{I};Serbien;44.5313463;19.2067663;3;;
Lubmin;;{P};Deutschland;54.151055;13.655607;1;;
Ludford;;{P};Grossbritannien;53.37166137;-0.231920941;1;Shapefile;
Ludwigshafen;;{P};Deutschland;49.485;8.421;2;;
Lussagnet;;{S};Frankreich;43.780448;-0.220066;1;;
Lutton;;{P};Grossbritannien;52.46252462;-0.349605338;1;Shapefile;
Lyon;;{P};Frankreich;45.754;4.842;2;;
Maastricht;;{P};Holland;50.855;5.684;2;;
Machany;;{P};Grossbritannien;56.30545686;-3.72636277;1;Shapefile;
Madrid;;{P};Spanien;40.423;-3.691;2;;
MaidaSEufemia;Maida/S.Eufemia;{P};Italien;38.858958;16.364569;2;;
Malbroghetto;Compressor;{P};Italien;46.503733;13.416054;1;;
Maldegem;;{P};Belgien;51.192;3.46;2;;
Malesovice;;{P};Tschechien;49.021483;16.489006;1;;
Malkoclar;;{P};Bulgarien;42.04;27.01;2;;
Mallnow;Mallnow/Gorzyca;{C};Deutschland;52.4615586;14.4924285;2;;
Mantsala;;{C};Finnland;60.6638584;25.2836053;2;;
MaraisVernier;;{C};Frankreich;49.419813;0.454816;2;;
March;;{P};Oesterreich;47.32;13.06;4;;
MarismaPalancares;Palancares;{P};Spanien;41.08;-3.2;4;;
Marismas;;{S};Spanien;37.067092;-6.366233;2;;
Martin;;{P};Grossbritannien;50.99059511;-1.909840475;1;Shapefile;
Masera;;{P};Italien;46.136816;8.309786;1;;
Mawdesley;;{P};Grossbritannien;53.61962008;-2.75080038;1;Shapefile;
MazaraDelVallo;Mazara del Vallo;{P};Italien;37.65533;12.597628;2;;
Mazerolles;;{C};Frankreich;43.449488;-0.469473;2;;
Meal;;{P};Grossbritannien;54.34622955;-2.715922061;1;Shapefile;
Medelsheim;;{P};Deutschland;49.144;7.27;2;;
MediesuAurit;;{E};Rumanien;47.786743;23.1376644;2;;
Melendugno;;{P};Italien;40.265;18.38;2;;
Melizzano;;{P};Italien;41.161769;14.505163;2;;
Mellitah;;{C};Libyen;32.8547005;12.2404869;2;;
Menfi;;{P};Italien;37.602313;12.968817;2;;
MerySurCher;;{C};Frankreich;47.248274;1.992231;2;;
Messina;Compressor;{P};Italien;38.272079;15.58877;1;;
Michelmersh;;{P};Grossbritannien;51.04199124;-1.4977299;1;Shapefile;
Middle;;{P};Grossbritannien;51.4512224;0.614024134;1;Shapefile;
Milford Haven;;{P};Grossbritannien;51.71;-5.03;2;;
Minerbio;;{S};Italien;44.615731;11.497959;1;;
Minskaya;;{C};Weissrussland;55.7236576;37.4978699;2;;
Mira;;{P};Italien;45.426979;12.131102;2;;
MittelbrunnMEGAL;;{C};Deutschland;49.376405;7.567024;1;;
MittelbrunnTENP;;{C};Deutschland;49.374422;7.563924;1;;
Moeckow_H;;{S};Deutschland;53.994342;13.560306;2;;
Moffat;;{C};Grossbritannien;55.27762088;-3.438048755;1;;
MoggioUdinesse;Moggio Udinesse;{P};Italien;46.398538;13.186671;3;;
Mogilno;;{S};Polen;52.649656;17.8103;1;;
Moldova;Moldova (Falticeni);{S};Rumaenien;47.45935;26.297489;2;;
Moliterno;;{P};Italien;40.242959;15.865276;2;;
Mons;;{P};Belgium;50.44787;3.97037;2;;
Montalbano;;{P};Italien;38.022844;15.013029;2;;
Montauban;;{C};Frankreich;44.0221252;1.3529599;2;;
MonteAlpi;Monte Alpi;{P};Italien;40.116457;15.985341;3;;
Montesa;;{P};Spanien;38.949146;-0.0650667;2;;
Montesano;Montesano Sulla Marcellana;{P};Italien;40.281815;15.667287;1;;
Montoir;Montoir de Bretagne;{P};Frankreich;47.32;-2.14;2;;
Monza;;{P};Italien;45.582264;9.274872;2;;
Morano;;{P};Italien;39.843546;16.135949;2;;
Mortara;;{P};Italien;45.252239;8.737499;2;;
Mosonmagyarovar;;{C};Ungarn;47.8681469;17.2689169;2;;
Mozyrskoye;;{S};Weissrussland;;;5;;
Muggleswick;;{P};Grossbritannien;54.84488808;-1.913431268;1;Shapefile;
Muirskie;;{P};Grossbritannien;57.05492546;-2.277995655;1;Shapefile;
Muirtown;;{P};Grossbritannien;56.29682226;-3.73742204;1;Shapefile;
Murfeld;;{P};Oesterreich;46.71;15.67;2;;
Murrow;;{P};Grossbritannien;52.6267171;0.016610761;1;Shapefile;
Muuga;Tallinn;{L};Estland;59.50601;25.0045;2;;
Nancy;;{P};Frankreich;48.68;6.17;2;;
Narva;;{E};Estland;59.3796931;28.1790751;2;;
Nateby;;{P};Grossbritannien;53.90941185;-2.830521587;1;Shapefile;
Navarra;;{C};Spanien;42.6953909;-1.6760691;2;;
NeaMessimvria;;{C};Griechenland;40.7525173;22.7703233;2;;
NegruVoda;;{I};Rumaenien;43.8155851;28.2176216;3;;
Nemencine;;{I};Litauen;54.760443;25.3672514;3;;
Nemesbikk;;{C};Ungarn;47.8876867;20.9661155;2;;
Nesvizh;;{C};Weissrussland;53.2226038;26.6766138;2;;
Nether;;{P};Grossbritannien;57.47366164;-1.896386879;1;Shapefile;
NetherKellett;;{C};Grossbritannien;54.1053065;-2.7458301;2;;
Neustift;Oberkappel;{P};Oesterreich;47.05;11.24;2;;
Nevskoye;;{S};Russland;54.527717;20.604414;2;;
New;;{P};Grossbritannien;52.127224;-0.03962723;1;Shapefile;
Nozay;;{C};Frankreich;47.564751;-1.626916;2;;
Nussdorf;;{S};Oesterreich;47.962013;13.356362;1;;
Nybro;;{E};Daenemark;56.247698;8.878005;2;;
Nynashamm;;{L};Schweden;58.902926;17.9465288;2;;
Obbicht;;{I};Holland;51.0280231;5.7812382;3;;
Obergailbach;;{P};Deutschland;49.11;7.22;2;;
Oberkappel;Neustift;{C};Oesterreich;48.5527707;13.7716319;2;;
Odolanow;;{C};Polen;51.57429;17.67392;2;;
Okoli;;{S};Kroatien;45.59451;16.520556;1;;
Olbernhau;;{P};Deutschland;50.638;13.354;2;;
Olbio;;{C};Italien;40.9235764;9.4964429;2;;
Oldeboorn;;{C};Holland;53.0481093;5.8924892;2;;
Oltinigue ;;{I};Frankreich;47.492301;7.391487;3;;
Oltrona;;{P};Italien;45.756957;8.973609;2;;
Ommen;;{C};Holland;52.50998;6.417392;2;;
Orense;;{P};Spanien;42.27;-7.655;3;;
Oricola;;{P};Italien;42.065074;13.049619;2;;
Orlovka;;{C};Ukraine;54.7929425;20.5292624;2;;
Orshan;Orsha;{C};Weissrussland;54.5071478;30.4119546;2;;
Osipovichskoye;;{S};Weissrussland;;;5;;
Oslavou;;{C};Tschechien;49.2054564;16.1557447;2;;
Otranto;;{I};Italien;40.1438978;18.4911678;3;;
OudeStatenzijl;;{I};Holland;53.2019;7.205;3;;
Oviedo;;{P};Spanien;43.359;-5.847;2;;
Ovington;;{P};Grossbritannien;54.95944827;-1.948516168;1;Shapefile;
Padalski;;{L};Estland;59.38445;24.07494;2;;
Pakruojis;;{I};Litauen;55.9825873;23.8584483;3;;
Palagiano;;{P};Italien;40.578453;17.038207;2;;
PalazzoMoroni;;{S};Italien;43.226813;13.672527;2;;
Palleau;;{C};Frankreich;46.958;5.028608;2;;
Palmi;;{P};Italien;38.418314;15.874919;2;;
Panigaglia;La Spezia;{P};Italien;44.073876;9.830632;1;;
Paris;;{P};Frankreich;48.852;2.371;2;;
Parkneuk;;{P};Grossbritannien;56.87609328;-2.345269838;1;Shapefile;
Parma;;{P};Italien;44.802049;10.326095;2;;
PassoGries;Passo Gries;{P};Italien;46.449851;8.366838;2;;
Paterna;;{C};Spanien;39.5037093;-0.4431618;2;;
Peckensen;;{S};Deutschland;52.801137;10.942675;1;;
Pennington;;{P};Grossbritannien;54.20308495;-3.115135732;1;Shapefile;
Petange ;;{I};Luxemburg;49.5559747;5.8758655;3;;
Peterborough;;{P};Grossbritannien;52.63397542;-0.167248001;1;Shapefile;
Peterborough;;{C};Grossbritannien;52.62697052;-0.301506985;1;;
Petrich;;{C};Bulagrien;41.3981081;23.2066849;2;;
Petrzalka;Nach Oesterreich Kittsee;{P};Slowakei;48.122;17.1087;2;;
Pettinain;;{P};Grossbritannien;55.67112114;-3.689509571;1;Shapefile;
Pettymuick;;{P};Grossbritannien;57.30854725;-2.17764801;1;Shapefile;
Pfronten;;{I};Deutschland;47.5766418;10.5264351;3;;
Pinasses;;{S};Spanien;;;4;;
Pinto;;{P};Italien;42.60635;14.067353;2;;
Piombino;;{I};Italien;42.9256335;10.5258891;3;;
Pitcairngreen;;{P};Grossbritannien;56.43669767;-3.517550912;1;Shapefile;
Pitgam;Dunkirch;{P};Frankreich;50.926317;2.315596;1;;
Pitscottie;;{P};Grossbritannien;56.3063998;-2.8957931;1;Shapefile;
PlaveckyPeter;Plavecky Peter KNOTEN in  mitten von Slowakei;{P};Slowakei;48.546336;17.316051;1;;
Plumpton;;{P};Grossbritannien;54.7195658;-2.77048213;1;Shapefile;
Pnevezys;;{C};Litauen;55.7347915;24.3574774;2;;
Podisor;;{P};Rumaenien;44.3876;25.716;2;;
Poggiofiorito;;{S};Italien;42.245019;14.22457;1;;
PoggioRenatico;Poggio Renatico;{P};Italien;44.764758;11.486382;2;;
Poirino;;{P};Italien;44.918811;7.844823;2;;
PolskiSenovets;;{C};Bulgarien;43.156944;25.3000001;2;;
Pontebba;;{P};Italien;46.506812;13.304698;2;;
Pontremoli;;{P};Italien;44.372874;9.881342;2;;
Pori;;{L};Finnland;61.63817;21.39881;2;;
PortoEmpedocle;;{L};Italien;37.2829;13.53774;2;;
PortoLevante;;{L};Italien;45.0488357;12.3639697;2;;
Portovaya;Portovaya Bay /Vyborg;{C};Russland;54.692573;20.459968;2;;
PortoViro;Porto Viro;{P};Italien;45.034434;12.219946;2;;
Porz;;{C};Deutschland;50.871359;7.0719899;2;;
Preesall;;{S};Grossbritanien;53.912959;-3.000976;2;;
Pribugskoye;;{S};Weissrussland;;;5;;
Provadiya;;{C};Bulgarien;43.177032;27.4405725;2;;
Puchkirchen;Puchkirchen/Haag GCV 11,31;{S};Oesterreich;48.015746;13.572981;1;;
Puertollano;;{P};Spanien;38.6869;-4.1089;2;;
Pusztaederics;;{S};Ungarn;46.65711;16.794852;1;;
PuthSchinnen;;{C};Holland;50.9554323;5.8705487;2;;
Quarnstedt;;{P};Deutschland;53.939785;9.784432;1;;
Radeland;Baruth;{P};Deutschland;52.07784;13.539383;1;;
Raeren;;{I};Belgien;50.6770198;6.1097331;3;;
Rainbach;im Muhlkreis;{C};Oesterreich;48.5581637;14.4769037;2;;
RavennaMare;Ravenna Mare;{P};Italien;44.399759;12.302671;1;;
RavennaTerra;Ravenna Terra;{P};Italien;44.416686;12.306514;2;;
Ravenstein;;{P};Holland;51.78178;5.661435;1;;
Recanati;;{P};Italien;43.402314;13.55712;2;;
Recas;;{P};Rumaenien;45.801978;21.50833;2;;
Reckrod;Eiterfeld;{P};Deutschland;50.785275;9.788964;1;;
Reganosa ;;{L};Spanien;43.4613;-8.2395;2;;
ReggioCalabria;Reggio Calabria;{P};Italien;38.257644;15.752554;1;;
Rehden;;{S};Deutschland;52.613673;8.493598;1;;
Remenham;;{P};Grossbritannien;51.54611712;-0.87036189;1;Shapefile;
Remich;;{I};Luxemburg;49.545017;6.3674222;3;;
Rende;;{P};Italien;39.332936;16.184738;2;;
Revithoussa;;{L};Griechenland;37.96;23.4023;2;;
Rheinfelden;Schwoer2/ Rheinfelden;{P};Deutschland;47.58;7.88;2;;
Rhynd;;{P};Grossbritannien;56.35862604;-3.333718695;1;Shapefile;
Rickarton;;{P};Grossbritannien;56.99511696;-2.326215029;1;Shapefile;
Riga;;{L};Lettland;56.94888;24.106389;2;;
Rimini;;{P};Italien;44.06653;12.574867;2;;
Rimpar;;{P};Deutschland;49.841916;9.948338;1;;
Ripalta;;{P};Italien;45.312155;9.700705;1;;
Rixfeld;Herbstein;{C};Deutschland;50.58375;9.367797;1;;
Roberton;;{P};Grossbritannien;55.56268659;-3.714397036;1;Shapefile;
Roccasecca;;{P};Italien;41.55;13.66;2;;
Rodersdorf;Rodersdorf/Oltingue;{P};Frankreich;47.481;7.457;2;;
Rogatec;;{I};Slowenien;46.2258891;15.7000312;3;;
Rohatyn;;{C};Ukraine;49.4099366;24.6106017;2;;
Ron;;{S};Tschechien;49.495061;16.215328;1;;
Rososh;;{C};Ukraine;48.4942953;23.1435317;2;;
Rothenstadt;Weiden in der Oberpfalz;{P};Deutschland;49.633;12.319;2;;
Rough;Capacity offered under negotiated processes with rules that must be applied;{S};Grossbritanien;53.656595;0.117476;1;;
Roussines;;{C};Frankreich;45.725297;0.6186779;2;;
Rozvadov;;{P};Tschechien;49.663384;12.549857;1;;
Rubicone;;{P};Italien;44.089849;12.400538;2;;
Ruden;;{C};Oesterreich;46.6592459;14.7703928;2;;
Ruedersdorf_H;;{S};Deutschland;52.478855;13.780083;2;;
Rueckersdorf;;{P};Deutschland;50.814223;12.232909;1;;
Russe;;{P};Bulgarien;43.848;25.976;2;;
Russkaya;;{C};Russland;45.6415289;39.7055977;2;;
Ruswil;Ruswil;{P};Schweiz;47.079;8.133;2;;
Ruthven;;{P};Grossbritannien;56.62377809;-3.172832658;1;Shapefile;
Rysum;;{P};Deutschland;53.37944;7.034;2;;
Sabbioncello;;{S};Italien;44.799498;11.899334;1;;
Saddlebow;;{P};Grossbritannien;52.7234616;0.382639532;1;Shapefile;
Sagonte;;{L};Spanien;39.6329;-0.2152;2;;
SaintClairSurEpte ;;{S};Frankreich;49.20486;1.704706;1;;
SaintIlliersLaVille;;{S};Frankreich;48.985068;1.55201;1;;
Sakiai;;{E};Litauen;54.952671;23.0480199;2;;
SalineEtrez ;;{S};Frankreich;46.336132;5.212561;1;;
SalineManosque;;{S};Frankreich;43.867715;5.755809;1;;
SalineTersanne;;{S};Frankreich;45.20973;4.984286;1;;
Saltfleetby;;{S};Grossbritanien;53.393462;0.174512;2;;
Salzwedel;;{P};Deutschland;52.845;11.164;2;;
SanBenedetto;;{S};Italien;42.9283;13.839223;2;;
Sandhausen;;{S};Deutschland;49.327473;8.644253;1;;
SanPotitoECotignola;Plant in build-up phase;{S};Italien;44.371034;11.919378;1;;
SanSalvoFlumeTreste;compressor;{P};Italien;42.024817;14.701403;1;;
SanSebastian;;{P};Spanien;43.3122;-1.986;2;;
Sansepolcro;;{P};Italien;43.570594;12.140796;2;;
Santander;;{P};Spanien;43.467;-3.798;2;;
Sarmasel;;{S};Rumaenien;46.782414;24.183885;1;;
Sayda;;{P};Deutschland;50.70509;13.440196;1;;
Scharenstetten;;{P};Deutschland;48.5047;9.8609;1;;
Scheemda;;{C};Holland;53.1763506;6.9723944;2;;
Scheidt;;{P};Deutschland;50.346838;7.906613;1;;
Schluechtern;;{P};Deutschland;50.3525;9.548;2;;
Schmidhausen;;{S};Deutschland;47.915455;10.039282;2;;
Schoenkirchen;;{S};Oesterreich;48.376237;16.69966;1;;
Schwandorf;;{P};Deutschland;49.3198883;12.1091352;2;;
Schwarzach;;{P};Deutschland;48.727117;8.055866;1;;
Scotby;;{P};Grossbritannien;54.90733338;-2.859748517;1;Shapefile;
Scunthorpe;;{C};Grossbritannien;53.52982942;-0.682635915;1;;
Sedgefield;;{P};Grossbritannien;54.63100798;-1.471089417;1;Shapefile;
Sempeter;;{I};Slowenien;45.9283576;13.6400285;3;;
SERENE Littoral, SERENE Sud: Cere-la-Ronde;;{S};Frankreich;47.2828;1.219284;1;;
SERENE Littoral, SERENE Sud: Chemery;;{S};Frankreich;47.387853;1.486212;1;;
SERENE Littoral, SERENE Sud: Soings-en-Sologne;;{S};Frankreich;47.426783;1.49935;1;;
Sergnano;;{S};Italien;45.427834;9.698543;1;;
Serrablo;;{S};Spanien;42.578117;-0.391536;1;;
Settala;compressor;{P};Italien;45.451046;9.403412;1;;
Setubal;;{P};Portugal;38.532;-8.868;3;;
Severnside;;{P};Grossbritannien;51.5397869;-2.64342567;1;Shapefile;
Sevilla;;{C};Spanien;37.3890924;-5.9844589;2;;
Shap;;{P};Grossbritannien;54.49203858;-2.653985609;1;Shapefile;
Sherburn;;{P};Grossbritannien;54.20835499;-0.524720319;1;Shapefile;
Sidirokastron ;;{I};Griechenland;41.2349471;23.3938203;3;;
Silistea;;{C};Rumaenien;44.4004266;28.1771147;2;;
Silivri;Silivri (Marmara);{S};Tuerkei;41.106836;28.180646;1;;
Sinarca;;{S};Italien;;;5;;
Sines ;;{L};Portugal;37.9419;-8.8435;2;;
Skallen;;{S};Sweden;56.798359;12.863828;2;;
Slapton;;{P};Grossbritannien;51.89075243;-0.622664093;1;Shapefile;
Slavyanskaya;Ust-Luga port;{C};Russland;59.6533827;28.2696934;2;;
Slobodnica;;{P};Kroatien;45.1566;17.9314;2;;
Slonim;;{C};Weissrussland;53.0875127;25.3087192;2;;
Smolensk;;{C};Russland;54.7903112;32.0503663;2;;
South;;{P};Grossbritannien;53.80277598;-0.989197329;1;Shapefile;
SouthKavala;;{S};Griechenland;;;4;;
Spijk;;{C};Holland;51.8557688;5.0077464;2;;
SPoloDiPiave;S. Polo Di Piave;{P};Italien;45.788222;12.393832;2;;
St;;{P};Grossbritannien;52.17783042;-0.295551847;1;Shapefile;
Stane;;{P};Grossbritannien;55.82316252;-3.765953614;1;Shapefile;
Stapleford;;{P};Grossbritannien;51.66433784;0.177844362;1;Shapefile;
StArnoultDesBois;;{C};Frankreich;48.492532;1.261686;2;;
Stassfurt;;{S};Deutschland;51.891723;11.555702;1;;
Stavischenskaya;;{C};Ukraine;49.5405738;30.8772055;2;;
StCezaire;St. Cezaire;{P};Frankreich;43.661;6.805;2;;
Steepingley;;{P};Grossbritannien;51.9980259;-0.530612141;1;Shapefile;
Steinitz;;{P};Deutschland;52.82964;11.112766;1;;
Stenlille;;{S};Daenemark;55.547794;11.62362;1;;
StFergus;St. Fergus;{P};Grossbritannien;57.567885;-1.844608;1;;
StFurgus_C_1;;{C};Grossbritannien;57.573052;-1.843627;1;;
StFurgus_C_2;;{C};Grossbritannien;57.573334;-1.837945;1;;
StFurgus_E_1;;{E};Grossbritanian;57.580687;-1.830286;1;;
StFurgus_E_2;;{E};Grossbritanian;57.575091;-1.82705;1;;
StHubert;St Hubert;{P};Deutschland;51.384;6.457;2;;
Stirling;;{P};Grossbritannien;56.11248333;-3.991899385;1;Shapefile;
StMartin;St. Martin;{P};Frankreich;48.349;7.288;2;;
StMartinDeCrau;;{C};Frankreich;43.638628;4.812107;2;;
Stockcross;;{P};Grossbritannien;51.42926245;-1.412063855;1;Shapefile;
Stockland;;{P};Grossbritannien;50.86014258;-3.063039922;1;Shapefile;
Stockstadt;;{S};Deutschland;49.822999;8.484942;1;;
STOGIT (storage group);TPA includes volumes allocated for production and transmission operation purposes. Non-TPA refers to strategic storage volumes with no withdrawal/injection capacity associated.;{S};Italien;;;5;;
Stolberg;Aachen,Schwarzenbruch;{P};Deutschland;50.786035;6.177002;1;;
Stonehaven;;{P};Grossbritannien;56.9665913;-2.270050068;1;Shapefile;
Stowmarket;;{P};Grossbritannien;52.20937933;0.962282454;1;Shapefile;
Strachocina;;{S};Polen;49.62671;22.072274;1;;
Strandja;;{C};Bulgarien;42.0125;27.608611;2;;
Strasbourg;;{P};Frankreich;48.58;7.766;2;;
Stublach;;{S};Grossbritanien;53.234065;-2.435024;1;;
StutenseeBlankenloch;;{P};Deutschland;49.05403;8.465834;2;;
StVictor;;{C};Frankreich;46.3950249;2.607516;2;;
Sulmona;;{P};Italien;42.050263;13.929251;2;;
Sulstorf;;{P};Deutschland;53.5108287;11.3772102;2;;
Sutton;;{P};Grossbritannien;54.21323123;-1.511118807;1;Shapefile;
Swarzow;;{S};Polen;50.197537;20.945148;1;;
Swinoujscie ;;{L};Polen;53.909167;14.294722;2;;
Syderiai;;{S};Litauen;55.890548;22.302939;2;;
Szamotuly;;{C};Polen;52.6116547;16.5779047;2;;
Szeged;;{P};Ungarn;46.270128;20.1511;2;;
Szreg_1;;{S};Ungarn;46.302801;20.194969;1;;
Takovo;;{I};Serbien;44.0368836;20.387069;3;;
Tallesbrunn;;{S};Oesterreich;48.355222;16.778209;1;;
Talnoe;;{C};Ukraine;48.887593;30.7044131;2;;
Tanovice;;{S};Tschechien;49.714948;18.531823;1;;
Tarrant;;{P};Grossbritannien;50.9078224;-2.115814891;1;Shapefile;
Tarsia;compressor;{P};Italien;39.589859;16.251025;1;;
Tarsus;;{S};Tuerkei;36.9175;34.883837;2;;
Tarves;;{P};Grossbritannien;57.38268886;-2.177009285;1;Shapefile;
Tarvisio;;{P};Italien;46.505528;13.592806;2;;
Tayport;;{P};Grossbritannien;56.43294004;-2.854949922;1;Shapefile;
Teeside;;{P};Grossbritannien;54.5;-1.4;3;;
Temple;;{P};Grossbritannien;51.33965627;-2.552090336;1;Shapefile;
TerranuovaBracciolini;Terranuova Bracc.;{P};Italien;43.557809;11.640662;1;;
Tersanne;;{P};Frankreich;45.2149;5.01536;2;;
TerguMure;Tergu Mure;{S};Rumaenien;46.565927;24.553105;2;;
Thann;;{P};Oesterreich;48.161;14.427;4;;
Theddlethorpe;;{P};Grossbritannien;53.361334;0.233697;1;;
Tigerton;;{P};Grossbritannien;56.76957632;-2.715582694;1;Shapefile;
TIGF (storage group );;{S};Frankreich;;;4;;
Tirley;;{P};Grossbritannien;51.952;-2.232;2;;
Tivisa;;{P};Spanien;41.041;0.7336;2;;
Topoje;;{P};Albanien;40.7918;19.4504;2;;
Toscana ;;{L};Italien;43.644444;9.988889;2;;
Toulouse;;{C};Frankreich;43.604652;1.444209;2;;
Tramberk;;{S};Tschechien;49.593741;18.091834;1;;
Tranwell;;{P};Grossbritannien;55.12396216;-1.772759218;1;Shapefile;
Trento;;{P};Italien;46.074613;11.129449;2;;
Trieste;;{L};Slowenia;45.61239;13.79281;2;;
TroisFontainesAbbaye;;{S};Frankreich;48.699704;4.973132;1;;
Trzac;;{I};Bosnien Herzogowina;44.9976747;15.7846558;3;;
Tuy;;{P};Spanien;42.055953;-8.632403;1;;
TuzGl;;{S};Tuerkei;38.099356;33.584839;1;;
Tvrdonice;;{S};Tschechien;48.780688;16.936667;1;;
Twynholm;;{P};Grossbritannien;54.865;-4.077;2;;
Uberackern;;{I};Oesterreich;48.1928972;12.8747485;3;;
Uelsen;;{S};Deutschland;52.504885;6.829442;1;;
Uhice;;{S};Tschechien;49.036809;16.933182;1;;
UmagRijeka;;{I};Kroatien;45.4314032;13.5296337;3;;
Uphall;;{P};Grossbritannien;55.93276045;-3.549241197;1;Shapefile;
Uppingham;;{P};Grossbritannien;52.57900417;-0.70620987;1;Shapefile;
Urziceni;;{S};Rumaenien;44.720131;26.60623;1;;
Uschhorod;;{P};Slowakei;48.546;22.077;2;;
Uzhgorod;;{I};Ukraine;48.6208;22.287883;3;;
Valchi Dol;;{C};Bulgarien;43.4055329;27.5511887;2;;
ValeDeFrades;;{I};Portugal;41.6278474;-6.482318;3;;
ValencoDoMinho;;{I};Portugal;42.0248024;-8.6398019;3;;
Valladolid;;{P};Spanien;41.644;-4.73;2;;
Varosfoeld;;{P};Ungarn;46.823766;19.769095;1;;
Varska;;{E};Estland;57.9570536;27.6375433;2;;
Vastogirardi;;{P};Italien;41.774614;14.260708;2;;
VelikaLudina;;{C};Kroatien;45.606141;16.5895288;2;;
VelkeKapusany;;{S};Slowakei;48.482002;22.121625;1;;
Veruno;;{P};Italien;45.689397;8.527687;2;;
VeseliNadLuznici;;{C};Tschechien;49.1865156;14.6991941;2;;
Vigasio;;{P};Italien;45.317353;10.944913;2;;
VillarDeArnedo;;{P};Spanien;42.30398;-2.070988;1;;
Villesse;;{P};Italien;45.862614;13.438999;2;;
Vindecy;;{C};Frankreich;46.352556;4.010777;2;;
Vitzeroda;;{P};Deutschland;50.881761;10.060498;1;;
Vodice;;{I};Slowenien;46.1896643;14.4938539;3;;
Voigtslach;Leverkusen-Hitdorf;{P};Deutschland;51.076;6.933;2;;
Voisines;;{C};Frankreich;48.25245;3.394035;2;;
Volovets;;{C};Ukraine;48.7114913;23.1850055;2;;
Vorepe;;{P};Frankreich;45.286;5.642;2;;
Vulkaneshty;;{C};Moldawien;45.683708;28.48324;2;;
Vyborg;;{I};Russland;60.7139529;28.7571571;3;;
VysokaPriMorave;;{P};Slowakei;48.3277;16.91168;2;;
Waidhaus;;{P};Deutschland;49.644;12.496;2;;
Wallbach;Rodersdorf;{P};Deutschland;47.566;7.9;2;;
Wardenburg;;{P};Deutschland;53.074963;8.171742;1;;
Warrington;;{C};Grossbritannien;53.408661;-2.480795373;1;;
Watermeetings;;{P};Grossbritannien;55.37562564;-3.634478367;1;Shapefile;
Weeide;;{C};Belgien;51.3022166;4.4114244;2;;
Weissack;;{P};Deutschland;51.766;13.685;2;;
Weisweiler;;{P};Deutschland;50.826279;6.313474;2;;
Weitendorf;TAG-Weitendorf;{P};Oesterreich;46.896;15.466;2;;
Werne;;{P};Deutschland;51.683185;7.5784;1;;
Wester;;{P};Grossbritannien;57.2547598;-2.279255304;1;Shapefile;
Whittlesey;;{P};Grossbritannien;52.52995559;-0.114315286;1;Shapefile;
Whitwell;;{P};Grossbritannien;51.88346126;-0.294815399;1;Shapefile;
Wieringermeer;;{C};Holland;52.756746;5.050348;1;;
Wierzchowice;;{S};Polen;51.475463;17.306302;1;;
Wijngaarden;;{P};Holland;51.850787;4.739927;1;;
Wildenranna;;{P};Deutschland;48.573853;13.721864;1;;
Windberg;;{P};Deutschland;48.944;12.7594;2;;
Winksele;;{C};Belgien;50.8974666;4.6435179;2;;
Winterswijk;;{I};Holland;51.977038;6.7454136;3;;
Wisbech;;{C};Grossbritannien;52.72414573;0.163393056;1;;
Wloclawek;;{C};Polen;52.6483303;19.0677357;2;;
Wold;;{P};Grossbritannien;54.15352811;-0.424512584;1;Shapefile;
Wolfersberg;;{S};Deutschland;48.042629;11.816447;1;;
Wolfhill;;{P};Grossbritannien;56.49727357;-3.331419002;1;Shapefile;
Wolfsbehringen;;{P};Deutschland;51.006;10.49;2;;
Woodlands;;{P};Grossbritannien;57.03382505;-2.386097224;1;Shapefile;
Wooler;;{C};Grossbritannien;55.58130289;-2.086443142;1;;
Wormington;;{C};Grossbritannien;52.02891528;-1.928437644;1;;
Wysokoje;;{P};Polen;52.3636;23.381;2;;
Xanten;;{S};Deutschland;51.663755;6.426365;1;;
Yafforth;;{P};Grossbritannien;54.33811704;-1.484209192;1;Shapefile;
Yela;;{S};Spanien;40.806749;-2.822598;1;;
ZaharaDeLosAtunes;;{E};Spanien;36.128832;-5.833539;1;;
Zajecar;;{I};Serbien;43.9015048;22.2738011;3;;
Zambrow;;{C};Polen;52.9849941;22.2413857;2;;
Zamora;;{P};Spanien;41.506;-5.744;2;;
Zandvliet;;{I};Holland;51.35965;4.30716;3;;
Zaragoza;;{P};Spanien;41.646;-0.883;2;;
Zeebrugge;;{P};Belgien;51.323;3.213;2;;
Zelzate;;{C};Belgien;51.1987114;3.8119772;2;;
Zevenaar;;{C};Holland;51.9345728;6.0741029;2;;
Zhidilovo;;{I};Mazedonien;42.2242526;22.398599;3;;
Zimella;;{P};Italien;45.332539;11.375813;2;;
Zsana;;{S};Ungarn;46.423701;19.700702;1;;
Zweekhorst;;{C};Holland;51.9605323;6.0759819;2;;
Norg; No longer offering capacity;{S};Holland;53.090774;6.430666;1;;
Nue\81ttermoor_H;;{S};Deutschland;53.259121;7.417349;1;;
Nue\81ttermoor_L;;{S};Deutschland;53.25913;7.41736;1;;
