Name;Element_Type;Gas_Type;Start;Ende;source;licence;direction_both;length;diameter;pressure_bar;max_discharge;number_compressor_stations;commentary
TEXT;TEXT;TEXT;INT;INT;TEXT;TEXT;TEXT;TEXT;TEXT;TEXT;REAL;INT;TEXT
[str];[str];[];[int];[int];[str];[str];[boolean];[double];[double];[str];[str];[int];[str]
AlcazarDeSanJuan;{P};H;;;https://theodora.com/pipelines/france_and_belgium_pipelines.html;;;;;;;;
AlcazarDeSanJuan_Chinchilla;{P};H;;;E118;;;;;;;;
AlcazarDeSanJuan_Ibiza;{P};H;;;https://theodora.com/pipelines/france_and_belgium_pipelines.html;;;;;;;;
AlcazarDeSanJuan_Madrid;{P};H;;;Extra bei Hand;;;;;;;;
Alessandria_Cortemaggiore;{P};H;;;http://www.snam.it/en/transportation/Thermal_Year_Archive/Thermal_Year_2013_2014/Info-to-users/index.html;;;;914.4;75;;;
Almendralejo_Badajoz;{P};H;;;http://www.emplpipeline.com/en/the-gas-pipeline/,Extra bei Hand;;;;;;;;
Almendralejo_Valladolid;{P};H;;;https://theodora.com/pipelines/france_and_belgium_pipelines.html;;;;;;;;
Almendralejo_Zamora;{P};H;;;"http://www.emplpipeline.com/en/the-gas-pipeline/,Extra bei Hand
";;;;;;;;
Altamura_Candela;{P};H;;;Extra;;;;1219;75;;;
Altamura_Latiano;{P};H;;;http://www.snam.it/en/transportation/Thermal_Year_Archive/Thermal_Year_2013_2014/Info-to-users/index.html;;;;508;75;;;
Altamura_MonteAlpi;{P};H;;;http://www.snam.it/en/transportation/Thermal_Year_Archive/Thermal_Year_2013_2014/Info-to-users/index.html;;;;508;75;;;
Altamura_Palagiano;{P};H;;;http://www.snam.it/en/transportation/Thermal_Year_Archive/Thermal_Year_2013_2014/Info-to-users/index.html;;;;1219;75;;;
Angouleme_Roussines;{P};H;;;Extra;;;;;;;;
Arad_Szeged;{P};H;;;https://en.wikipedia.org/wiki/Arad%E2%80%93Szeged_pipeline;;;109;700;;4.4;;
Arad_Szeged;{P};H;;;;;;;;;;;
Arnoldstein_Tarvisio_Extra;{P};H;;;Extra;;;;;;;;
ArtereDeLAdour;{P};H;;;;;;;;;;;
Badajoz_Leiria;{P};H;;;http://www.emplpipeline.com/en/the-gas-pipeline/,Extra bei Hand;;;;;;;;
BBL;{P};H;2006;;https://en.wikipedia.org/wiki/BBL_Pipeline;;1;235;914;;16;1;
Benevento_Biccari;{P};H;;;http://www.snam.it/en/transportation/Thermal_Year_Archive/Thermal_Year_2013_2014/Info-to-users/index.html;;;;609;64;;;
Bernalda_Grumento;{P};H;;;http://www.snam.it/en/transportation/Thermal_Year_Archive/Thermal_Year_2013_2014/Info-to-users/index.html;;;;1066.8;75;;;
Berneau_Eynatten;{P};H;;;https://www.fluxys.com/belgium/en/about%20fluxys/infrastructure/network/network;;;;;;;;
Beziers_Lacq;{P};H;;;Extra;;;;;;;;
BGTP;{P};H;;;Belfast Gas Transmission Pipeline;;;35;600;75;;;
Biccari_Candela;{P};H;;;http://www.snam.it/en/transportation/Thermal_Year_Archive/Thermal_Year_2013_2014/Info-to-users/index.html;;;;1219;75;;;
Bordano_MoggioUdinesse_1;{P};H;;;http://www.snam.it/en/transportation/Thermal_Year_Archive/Thermal_Year_2013_2014/Info-to-users/index.html;;;;1219.2;75;;;
Bordano_MoggioUdinesse_2;{P};H;;;http://www.snam.it/en/transportation/Thermal_Year_Archive/Thermal_Year_2013_2014/Info-to-users/index.html;;;;1066.8;70;;;
Bosentino_Trento_1;{P};H;;;http://www.snam.it/en/transportation/Thermal_Year_Archive/Thermal_Year_2013_2014/Info-to-users/index.html;;;;406.4;70;;;
Bosentino_Trento_2;{P};H;;;http://www.snam.it/en/transportation/Thermal_Year_Archive/Thermal_Year_2013_2014/Info-to-users/index.html;;;;254;64;;;
Bourbonne_Lyon;{P};H;;;E25;;;;;;;;
Bourbonne_Paris;{P};H;;;https://theodora.com/pipelines/france_and_belgium_pipelines.html,E10;;;111;600;;;;
Brest_Donges;{P};H;;;https://theodora.com/pipelines/france_and_belgium_pipelines.html,E11;;;;;;;;
Brindisi_Ampeleia;{P};H;;;ENAGAS;;;;200;;;;
Brindisi_Ampeleia;{P};H;;;E120;;;;250;;;;
BRUA;{P};H;;;https://en.wikipedia.org/wiki/BRUA_Pipeline;;;479;813;;4.4;;
BRUA_E;{P};H;;;Extra;;;;;;;;
Burgos_SanSebastian;{P};H;;;ENAGAS,E75;;;;;;;;
Burgos_Santander;{P};H;;;ENAGAS,E76;;;;;;;;
Burgos_Valladolid;{P};H;;;ENAGAS,E77;;;;;;;;
CalderariEnna_Gela;{P};H;;;http://www.snam.it/en/transportation/Thermal_Year_Archive/Thermal_Year_2013_2014/Info-to-users/index.html;;;;914;75;;;
CalderariEnna_Menfi_1;{P};H;;;http://www.snam.it/en/transportation/Thermal_Year_Archive/Thermal_Year_2013_2014/Info-to-users/index.html;;;;1219;75;;;
CalderariEnna_Menfi_2;{P};H;;;http://www.snam.it/en/transportation/Thermal_Year_Archive/Thermal_Year_2013_2014/Info-to-users/index.html;;;;1219;75;;;
Caldonazzo_Bosentino;{P};H;;;http://www.snam.it/en/transportation/Thermal_Year_Archive/Thermal_Year_2013_2014/Info-to-users/index.html;;;;254;64;;;
CampagnaLupia_RavennaTerra;{P};H;;;http://www.snam.it/en/transportation/Thermal_Year_Archive/Thermal_Year_2013_2014/Info-to-users/index.html;;;;558.8;64;;;
Campochiaro_Melizzano;{P};H;;;http://www.snam.it/en/transportation/Thermal_Year_Archive/Thermal_Year_2013_2014/Info-to-users/index.html;;;;1219;75;;;
CampoMaior_Leira;{P};H;;;https://theodora.com/pipelines/france_and_belgium_pipelines.html,E78;;;219;711;;;;
Cartagena_Almeria;{P};H;;;Extra;;;;;;;;
Cartagena_Girona;{P};H;;;https://theodora.com/pipelines/france_and_belgium_pipelines.html;;;;;;;;
Cartagena_Montesa;{P};H;;;E79;;;;;;;;
Cavarzere_Minerbio;{P};H;;;http://www.snam.it/en/transportation/Thermal_Year_Archive/Thermal_Year_2013_2014/Info-to-users/index.html;;;;914;;;;
Cavarzere_RavennaTerra;{P};H;;;http://www.snam.it/en/transportation/Thermal_Year_Archive/Thermal_Year_2013_2014/Info-to-users/index.html;;;;558.8;64;;;
Cervignano_Ripalta;{P};H;;;http://www.snam.it/en/transportation/Thermal_Year_Archive/Thermal_Year_2013_2014/Info-to-users/index.html;;;;1219;75;;;
Cervignano_Sergnano;{P};H;;;http://www.snam.it/en/transportation/Thermal_Year_Archive/Thermal_Year_2013_2014/Info-to-users/index.html;;;;762;70;;;
Cervignano_Settala_1;{P};H;;;http://www.snam.it/en/transportation/Thermal_Year_Archive/Thermal_Year_2013_2014/Info-to-users/index.html;;;;863.6;75;;;
Cervignano_Settala_2;{P};H;;;http://www.snam.it/en/transportation/Thermal_Year_Archive/Thermal_Year_2013_2014/Info-to-users/index.html;;;;508;70;;;
Cherbourg_Le Havre;{P};H;;;https://theodora.com/pipelines/france_and_belgium_pipelines.html,E13;;;;;;;;
Chieti_Cupello;{P};H;;;http://www.snam.it/en/transportation/Thermal_Year_Archive/Thermal_Year_2013_2014/Info-to-users/index.html;;;;558.8;70;;;
Chinchilla_Montesa;{P};H;;;Extra;;;;;;;;
Chivasso_Mortara;{P};H;;;http://www.snam.it/en/transportation/Thermal_Year_Archive/Thermal_Year_2013_2014/Info-to-users/index.html;;;;1067;75;;;
Chivasso_Poirino;{P};H;;;http://www.snam.it/en/transportation/Thermal_Year_Archive/Thermal_Year_2013_2014/Info-to-users/index.html;;;;660;75;;;
Ciciliano_Melizzano;{P};H;;;http://www.snam.it/en/transportation/Thermal_Year_Archive/Thermal_Year_2013_2014/Info-to-users/index.html;;;;1219;75;;;
Cordoba_AlcazarDeSanJuan;{P};H;;;Extra;;;;;;;;
Cordoba_Almendralejo;{P};H;;;http://www.emplpipeline.com/en/the-gas-pipeline/,Extra bei Hand;;;251;813;;;;
Cordoba_CampoMajor_1;{P};H;;;https://theodora.com/pipelines/france_and_belgium_pipelines.html,E80_1;;;191;711;;;;
Cordoba_CampoMajor_2;{P};H;;;https://theodora.com/pipelines/france_and_belgium_pipelines.html,E80_2;;;191;812;;;;
Cordoba_Grenada;{P};H;;;https://theodora.com/pipelines/france_and_belgium_pipelines.html,E81;;;;;;;;
Cordoba_Madrid;{P};H;;;http://www.emplpipeline.com/en/the-gas-pipeline/;;;;;;;;
Cordoba_Puertollano;{P};H;;;Extra;;;;;;;;
Cortemaggiore_Pontremoli;{P};H;;;http://www.snam.it/en/transportation/Thermal_Year_Archive/Thermal_Year_2013_2014/Info-to-users/index.html;;;;762;36;;;
Crotone_MaidaSEufemia;{P};H;;;http://www.snam.it/en/transportation/Thermal_Year_Archive/Thermal_Year_2013_2014/Info-to-users/index.html;;;;558.8;70;;;
Cupello_Biccari;{P};H;;;http://www.snam.it/en/transportation/Thermal_Year_Archive/Thermal_Year_2013_2014/Info-to-users/index.html;;;;508;64;;;
Cupello_Vastogirardi;{P};H;;;http://www.snam.it/en/transportation/Thermal_Year_Archive/Thermal_Year_2013_2014/Info-to-users/index.html;;;;1066.8;75;;;
Deudan;{P};H;1996;;;;1;;600;;3.07;1;
Deudan_Loop;{P};H;2015;;https://www.shz.de/lokales/landeszeitung/wissenschaftler-unter-zeitdruck-id5845016.html;;1;63.5;900;84;;;
Donges_Angouleme;{P};H;;;https://theodora.com/pipelines/france_and_belgium_pipelines.html,E14;;;;;;;;
Donges_Paris;{P};H;;;E23;;;;;;;;
E29;{P};H;;;E29;;;;;;;;
E48;{P};H;;;https://theodora.com/pipelines/france_and_belgium_pipelines.html,E48;;;284;610;;;;
E48_2;{P};H;;;https://www.fluxys.com/belgium/en/about%20fluxys/infrastructure/network/network;;;284;914;;;;
Ellund_Alborg;{P};H;;;E32;;;;;;;;
Epe_Legden;{P};H;2019;;FNB_GAS_Projekte_2014_02_17_anlage_6_nep-gas-2014_projekt-steckbriefe.pdf;;;15;1100;100;;;
ERM;{P};H;;;https://www.rnf.de/hintergrund-die-erm-gasleitung-von-ludwigshafen-nach-karlsruhe-58182/;;;57;400;;;;
ERM_Extra;{P};H;;;Extra;;;;;;;;
EUGAL_1;{P};H;2022;;https://www.eugal.de/eugal-pipeline/,https://www.mdr.de/nachrichten/politik/regional/baubeginn-erdgastrasse-eugal-umstritten-100.html;;;329;1400;100;27.5;;Rohrdicke >20 mm
Europipe_II;{P};H;1999;;https://en.wikipedia.org/wiki/Europipe_II;;;658;1067;49;24;;
Flaibano_Bordano_1;{P};H;;;http://www.snam.it/en/transportation/Thermal_Year_Archive/Thermal_Year_2013_2014/Info-to-users/index.html;;;;914.4;58;;;
Flaibano_Bordano_2;{P};H;;;http://www.snam.it/en/transportation/Thermal_Year_Archive/Thermal_Year_2013_2014/Info-to-users/index.html;;;;1219.2;75;;;
Flaibano_Bordano_3;{P};H;;;http://www.snam.it/en/transportation/Thermal_Year_Archive/Thermal_Year_2013_2014/Info-to-users/index.html;;;;1066.8;70;;;
Flaibano_Gonars_1;{P};H;;;http://www.snam.it/en/transportation/Thermal_Year_Archive/Thermal_Year_2013_2014/Info-to-users/index.html;;;;762;70;;;
Flaibano_Gonars_2;{P};H;;;http://www.snam.it/en/transportation/Thermal_Year_Archive/Thermal_Year_2013_2014/Info-to-users/index.html;;;;660.4;70;;;
Fluxys;{P};H;;;https://www.fluxys.com/belgium/en/about%20fluxys/infrastructure/network/network;;;;;;;;
Foligno_GalleseCivitaCast;{P};H;;;http://www.snam.it/en/transportation/Thermal_Year_Archive/Thermal_Year_2013_2014/Info-to-users/index.html;;;;558.8;70;;;
Folmhuse_Grotegaste_Loop;{P};H;2018;;FNB_GAS_Projekte_2014_02_17_anlage_6_nep-gas-2014_projekt-steckbriefe.pdf;;;10.2;1000;84;;;
Forchheim_Finsing;{P};H;2019;;FNB_GAS_Projekte_2014_02_17_anlage_6_nep-gas-2014_projekt-steckbriefe.pdf;;;79;1000;100;;;
FosSurMer_Beziers;{P};H;;;Extra;;;;;;;;
FosSurMer_Tersanne;{P};H;;;https://theodora.com/pipelines/france_and_belgium_pipelines.html,E17_Skikda;;;214;610;;;;
FosSurMer_Vorepe_1;{P};H;;;https://theodora.com/pipelines/france_and_belgium_pipelines.html,E16_1;;;;410;;;;
FosSurMer_Vorepe_2;{P};H;;;https://theodora.com/pipelines/france_and_belgium_pipelines.html,E16_2;;;;610;;;;
GaglianoSparacollo_CalderariEnna_1;{P};H;;;http://www.snam.it/en/transportation/Thermal_Year_Archive/Thermal_Year_2013_2014/Info-to-users/index.html;;;;1219;75;;;
GaglianoSparacollo_CalderariEnna_2;{P};H;;;http://www.snam.it/en/transportation/Thermal_Year_Archive/Thermal_Year_2013_2014/Info-to-users/index.html;;;;1219;75;;;
GaglianoSparacollo_CalderariEnna_3;{P};H;;;http://www.snam.it/en/transportation/Thermal_Year_Archive/Thermal_Year_2013_2014/Info-to-users/index.html;;;;1219;75;;;
GaglianoSparacollo_Gagliano;{P};H;;;http://www.snam.it/en/transportation/Thermal_Year_Archive/Thermal_Year_2013_2014/Info-to-users/index.html;;;;406;75;;;
GalleseCivitaCast_Ciciliano;{P};H;;;http://www.snam.it/en/transportation/Thermal_Year_Archive/Thermal_Year_2013_2014/Info-to-users/index.html;;;;1219;75;;;
GalleseCivitaCast_Oricola;{P};H;;;http://www.snam.it/en/transportation/Thermal_Year_Archive/Thermal_Year_2013_2014/Info-to-users/index.html;;;;1219;75;;;
GascogneMidi;{P};H;;;;;;;;;;;
Gaviota_Madrid;{P};H;;;https://theodora.com/pipelines/france_and_belgium_pipelines.html;;;;;;;;
Gazelle;{P};H;2013;;http://www.rwe.com/web/cms/de/37110/rwe/presse-news/pressemitteilungen/?pmid=4005467,http://digitalnewsservice.net/clients/net4gas-nimmt-neue-hochdruck-gas-pipeline-gazelle-in-betrieb/;;;166;1400;8,4 MPa;30.5;;
Gernsheim_NKP;{P};H;;;Netzkopplungspunkt Gernsheim, VON:MIDAL Absperrstation  in  Herchenrode  (Kreis  Darmstadt-Dieburg,  Gemeinde  Modautal), NACH: Gernsheim;;;16;500;;39;;
Gerstein_PS;{P};H;;;https://www.europipe.com/de/referenzen/referenzprojekte/;;;9;1422;;;;Rohrdicke 24 mm
Gijon_Oviedo;{P};H;;;https://theodora.com/pipelines/france_and_belgium_pipelines.html,E85;;;;;;;;
Giurgiu_Rus;{P};H;;;https://en.wikipedia.org/wiki/Giurgiu%E2%80%93Ruse_pipeline;;;25;508;;1.5;;
Giurgiu_Rus;{P};H;;;;;;;;;;;
Giurgiu_Rus_E;{P};H;;;Extra;;;;;;;;
Golasecca_Oltrona;{P};H;;;http://www.snam.it/en/transportation/Thermal_Year_Archive/Thermal_Year_2013_2014/Info-to-users/index.html;;;;760;24;;;
Gonars_Villesse;{P};H;;;http://www.snam.it/en/transportation/Thermal_Year_Archive/Thermal_Year_2013_2014/Info-to-users/index.html;;;;660.4;70;;;
Groningen_Paris_1;{P};H;;;https://theodora.com/pipelines/france_and_belgium_pipelines.html;;;670;610;;;;
Groningen_Paris_2;{P};H;;;https://theodora.com/pipelines/france_and_belgium_pipelines.html;;;670;1067;;;;
Groningen_Rehden_Extra;{P};H;;;Extra;;;;;;;;
Grumento_Moliterno;{P};H;;;http://www.snam.it/en/transportation/Thermal_Year_Archive/Thermal_Year_2013_2014/Info-to-users/index.html;;;;508;75;;;
Grumento_MonteAlpi_1;{P};H;;;http://www.snam.it/en/transportation/Thermal_Year_Archive/Thermal_Year_2013_2014/Info-to-users/index.html;;;;558.8;75;;;
Grumento_MonteAlpi_2;{P};H;;;http://www.snam.it/en/transportation/Thermal_Year_Archive/Thermal_Year_2013_2014/Info-to-users/index.html;;;;304.8;75;;;
Grumento_MontesanoSullaMarcellana;{P};H;;;http://www.snam.it/en/transportation/Thermal_Year_Archive/Thermal_Year_2013_2014/Info-to-users/index.html;;;;1066.8;75;;;
GTS;{P};H;;;Extra mit GTS Informationen;;;;;;;;
HAG;{P};H;;;https://de.wikipedia.org/wiki/Hungaria-Austria-Gasleitung;;;46;700;70;;;
Hamburg_Alborg;{P};H;;;https://theodora.com/pipelines/france_and_belgium_pipelines.html;;;;610;;;;
Hauts_de_France;{P};H;1996;;;;;157;;;;;
Hauts_de_France_II;{P};H;;;https://www.europipe.com/de/referenzen/referenzprojekte/;;;174;1220;;;;Rohrdicke 19-28 mm
Huelva_Cordoba;{P};H;;;http://www.emplpipeline.com/en/the-gas-pipeline/,Extra bei Hand;;;494;762;;;;
IndefatigableHewitt_Bacton;{P};H;;;https://theodora.com/pipelines/france_and_belgium_pipelines.html,E106, Leman Bank;;;95;762;;;;
Interconnector;{P};H;1998;;Von UK nach Irland;;1;235;1016;;25.5;;
Interconnector_1;{P};H;1993;;Von UK nach Irland;;;135;610;60;3.2;;
Interconnector_2;{P};H;2002;;Von UK nach Irland;;;195;762;69;5.48;;
Istrana_Caldonazzo;{P};H;;;http://www.snam.it/en/transportation/Thermal_Year_Archive/Thermal_Year_2013_2014/Info-to-users/index.html;;;;609.6;70;;;
Istrana_Mira;{P};H;;;http://www.snam.it/en/transportation/Thermal_Year_Archive/Thermal_Year_2013_2014/Info-to-users/index.html;;;;762;70;;;
Istrana_SPoloDiPiave_1;{P};H;;;http://www.snam.it/en/transportation/Thermal_Year_Archive/Thermal_Year_2013_2014/Info-to-users/index.html;;;;914.4;58;;;
Istrana_SPoloDiPiave_2;{P};H;;;http://www.snam.it/en/transportation/Thermal_Year_Archive/Thermal_Year_2013_2014/Info-to-users/index.html;;;;1066.8;70;;;
Istrana_SPoloDiPiave_3;{P};H;;;http://www.snam.it/en/transportation/Thermal_Year_Archive/Thermal_Year_2013_2014/Info-to-users/index.html;;;;1219.2;75;;;
JAGAL;{P};H;1999;;https://de.wikipedia.org/wiki/JAGAL;;0;338;1200;;28;1;
JAMAL;{P};H;1999;;https://de.wikipedia.org/wiki/Erdgasleitung_Jamal%E2%80%93Europa,https://en.wikipedia.org/wiki/Yamal%E2%80%93Europe_pipeline;;;683;1420;;33;;
KIP;{P};H;;;Edler_2013_das_OEsterreichische_Gasnetz.pdf;;;4;500;70;;;
Lack_Bayonne;{P};H;;;https://theodora.com/pipelines/france_and_belgium_pipelines.html, E21;;;;;;;;
Lacq_Angouleme;{P};H;;;Extyra;;;;;;;;
Lacq_Navarra;{P};H;;;E18;;;;;;;;
Lacq_Zaragoza;{P};H;;;https://theodora.com/pipelines/france_and_belgium_pipelines.html;;;;;;;;
Latiano_Brindisi_1;{P};H;;;http://www.snam.it/en/transportation/Thermal_Year_Archive/Thermal_Year_2013_2014/Info-to-users/index.html;;;;1066.8;75;;;
Latiano_Brindisi_2;{P};H;;;http://www.snam.it/en/transportation/Thermal_Year_Archive/Thermal_Year_2013_2014/Info-to-users/index.html;;;;457.2;70;;;
Lauria_Morano_1;{P};H;;;http://www.snam.it/en/transportation/Thermal_Year_Archive/Thermal_Year_2013_2014/Info-to-users/index.html;;;;1219;75;;;
Lauria_Morano_2;{P};H;;;http://www.snam.it/en/transportation/Thermal_Year_Archive/Thermal_Year_2013_2014/Info-to-users/index.html;;;;1219;75;;;
Legden_StHubert;{P};H;2024;;FNB_GAS_Projekte_2014_02_17_anlage_6_nep-gas-2014_projekt-steckbriefe.pdf;;;115;1000;100;;;
LeHavre_Paris_1;{P};H;;;https://theodora.com/pipelines/france_and_belgium_pipelines.html,E22_Arzew_1;;;207;508;;;;
LeHavre_Paris_2;{P};H;;;https://theodora.com/pipelines/france_and_belgium_pipelines.html,E22_Arzew_2;;;;610;;;;
Leira_Braga;{P};H;;;https://theodora.com/pipelines/france_and_belgium_pipelines.html,E64;;;209;711;;;;
Leiria_Tuy;{P};H;;;http://www.emplpipeline.com/en/the-gas-pipeline/,Extra bei Hand;;;;;;;;
Lingen_PS;{P};H;2009;;https://www.europipe.com/de/referenzen/referenzprojekte/;;;15;1420;100;;;
Llandarcy_Bacton;{P};H;;;https://theodora.com/pipelines/france_and_belgium_pipelines.html,E107;;;;;;;;
LSF;{P};H;;;;;;;;;;;
LSF_Extra;{P};H;;;;;;;;;;;
MAB;{P};H;;;Edler_2013_das_Oesterreichische_Gasnetz.pdf;;;2.5;500;70;;;
Madrid_Palancares;{P};H;;;https://theodora.com/pipelines/france_and_belgium_pipelines.html,E86;;;;;;;;
MAGAL2France;{P};H;;;Extra;;;;;;;;
MaidaSEufemia_Palmi_1;{P};H;;;http://www.snam.it/en/transportation/Thermal_Year_Archive/Thermal_Year_2013_2014/Info-to-users/index.html;;;;1219;75;;;
MaidaSEufemia_Palmi_2;{P};H;;;http://www.snam.it/en/transportation/Thermal_Year_Archive/Thermal_Year_2013_2014/Info-to-users/index.html;;;;1219;75;;;
MaidaSEufemia_ReggioCalabria;{P};H;;;http://www.snam.it/en/transportation/Thermal_Year_Archive/Thermal_Year_2013_2014/Info-to-users/index.html;;;;1219;75;;;
Malbroghetto_Tarvisio_1;{P};H;;;http://www.snam.it/en/transportation/Thermal_Year_Archive/Thermal_Year_2013_2014/Info-to-users/index.html;;;;1219;70;;;
Malbroghetto_Tarvisio_2;{P};H;;;http://www.snam.it/en/transportation/Thermal_Year_Archive/Thermal_Year_2013_2014/Info-to-users/index.html;;;;1066.8;70;;;
Malbroghetto_Tarvisio_3;{P};H;;;http://www.snam.it/en/transportation/Thermal_Year_Archive/Thermal_Year_2013_2014/Info-to-users/index.html;;;;1219;70;;;
Maldegem_Zeebrugge_Extra;{P};H;;;Extra;;;;;;;;
MarismaPalancares_Madrid;{P};H;;;https://theodora.com/pipelines/france_and_belgium_pipelines.html,E87;;;;;;;;
Masera_Veruno_1;{P};H;;;http://www.snam.it/en/transportation/Thermal_Year_Archive/Thermal_Year_2013_2014/Info-to-users/index.html;;;;860;55;;;
Masera_Veruno_2;{P};H;;;http://www.snam.it/en/transportation/Thermal_Year_Archive/Thermal_Year_2013_2014/Info-to-users/index.html;;;;1219;75;;;
MEGAL_Nord_1;{P};H;1980;;https://de.wikipedia.org/wiki/Mittel-Europ%C3%A4ische_Gasleitung,https://en.wikipedia.org/wiki/MEGAL_pipeline;;;213;1200;80;22;3;
MEGAL_Nord_2;{P};H;1980;;https://en.wikipedia.org/wiki/MEGAL_pipeline,https://de.wikipedia.org/wiki/Mittel-Europ%C3%A4ische_Gasleitung;;;111;1100;80;22;;
MEGAL_Nord_3;{P};H;1980;;https://en.wikipedia.org/wiki/MEGAL_pipeline,https://de.wikipedia.org/wiki/Mittel-Europ%C3%A4ische_Gasleitung;;;98;1000;80;22;;
MEGAL_Nord_4;{P};H;1980;;https://en.wikipedia.org/wiki/MEGAL_pipeline,https://de.wikipedia.org/wiki/Mittel-Europ%C3%A4ische_Gasleitung;;;38;900;80;22;;
MEGAL_Nord_5;{P};H;1980;;https://en.wikipedia.org/wiki/MEGAL_pipeline,https://de.wikipedia.org/wiki/Mittel-Europ%C3%A4ische_Gasleitung;;;449;1100;80;22;;
MEGAL_Nord_6;{P};H;;;;;;;900;;;;
MEGAL_Nord_Loop_1;{P};H;;;;;;;;;;;
MEGAL_Nord_Loop_2;{P};H;;;;;;;;;;;
MEGAL_Nord_Loop_3;{P};H;;;;;;;;;;;
MEGAL_Nord_Loop_4;{P};H;;;;;;;;;;;
MEGAL_Nord_Loop_5;{P};H;;;;;;;;;;;
MEGAL_Nord_Loop_6;{P};H;;;;;;;;;;;
MEGAL_NordSued_1;{P};H;1980;;https://en.wikipedia.org/wiki/MEGAL_pipeline,https://de.wikipedia.org/wiki/Mittel-Europ%C3%A4ische_Gasleitung;;;40;800;67.5;;;
MEGAL_NordSued_2;{P};H;1980;;https://en.wikipedia.org/wiki/MEGAL_pipeline,https://de.wikipedia.org/wiki/Mittel-Europ%C3%A4ische_Gasleitung;;;40;1000;100;;;
MEGAL_Sued_1;{P};H;1980;;https://en.wikipedia.org/wiki/MEGAL_pipeline,https://de.wikipedia.org/wiki/Mittel-Europ%C3%A4ische_Gasleitung;;;167;800;67.5;22;;
MEGAL_Sued_2;{P};H;2012;;https://en.wikipedia.org/wiki/MEGAL_pipeline,https://de.wikipedia.org/wiki/Mittel-Europ%C3%A4ische_Gasleitung;;;72;1000;67.5;4.4;;
Melizzano_Benevento;{P};H;;;http://www.snam.it/en/transportation/Thermal_Year_Archive/Thermal_Year_2013_2014/Info-to-users/index.html;;;;508;64;;;
Menfi_MazaraDelVallo_1;{P};H;;;http://www.snam.it/en/transportation/Thermal_Year_Archive/Thermal_Year_2013_2014/Info-to-users/index.html;;;;1219;75;;;
Menfi_MazaraDelVallo_2;{P};H;;;http://www.snam.it/en/transportation/Thermal_Year_Archive/Thermal_Year_2013_2014/Info-to-users/index.html;;;;1219;75;;;
Menfi_MazaraDelVallo_3;{P};H;;;http://www.snam.it/en/transportation/Thermal_Year_Archive/Thermal_Year_2013_2014/Info-to-users/index.html;;;;1219;75;;;
Messina_Montalbano_1;{P};H;;;http://www.snam.it/en/transportation/Thermal_Year_Archive/Thermal_Year_2013_2014/Info-to-users/index.html;;;;1219;75;;;
Messina_Montalbano_2;{P};H;;;http://www.snam.it/en/transportation/Thermal_Year_Archive/Thermal_Year_2013_2014/Info-to-users/index.html;;;;1219;75;;;
Messina_Montalbano_3;{P};H;;;http://www.snam.it/en/transportation/Thermal_Year_Archive/Thermal_Year_2013_2014/Info-to-users/index.html;;;;1219;75;;;
MHP;{P};H;2007;;https://en.wikipedia.org/wiki/South_Wales_Gas_Pipeline;;;317;1220;94;20;;
MIDAL;{P};H;1993;;https://de.wikipedia.org/wiki/MIDAL,https://www.gascade.de/netzinformationen/unser-leitungsnetz/midal/;;0;702;800-1000;;12.8;3;
Minerbio_Parma;{P};H;;;http://www.snam.it/en/transportation/Thermal_Year_Archive/Thermal_Year_2013_2014/Info-to-users/index.html;;;;1219;75;;;
Minerbio_RavennaTerra;{P};H;;;Extra;;;;762;70;;;
Mira_CampagnaLupia;{P};H;;;http://www.snam.it/en/transportation/Thermal_Year_Archive/Thermal_Year_2013_2014/Info-to-users/index.html;;;;762;70;;;
MoggioUdinesse_Pontebba_1;{P};H;;;http://www.snam.it/en/transportation/Thermal_Year_Archive/Thermal_Year_2013_2014/Info-to-users/index.html;;;;914.4;58;;;
MoggioUdinesse_Pontebba_2;{P};H;;;http://www.snam.it/en/transportation/Thermal_Year_Archive/Thermal_Year_2013_2014/Info-to-users/index.html;;;;1066.8;70;;;
MoggioUdinesse_Pontebba_3;{P};H;;;http://www.snam.it/en/transportation/Thermal_Year_Archive/Thermal_Year_2013_2014/Info-to-users/index.html;;;;1219;75;;;
Moliterno_Lauria_1;{P};H;;;http://www.snam.it/en/transportation/Thermal_Year_Archive/Thermal_Year_2013_2014/Info-to-users/index.html;;;;1219;75;;;
Moliterno_Lauria_2;{P};H;;;http://www.snam.it/en/transportation/Thermal_Year_Archive/Thermal_Year_2013_2014/Info-to-users/index.html;;;;1219;75;;;
Moliterno_MontesanoSullaMarcellana_1;{P};H;;;http://www.snam.it/en/transportation/Thermal_Year_Archive/Thermal_Year_2013_2014/Info-to-users/index.html;;;;1219;75;;;
Moliterno_MontesanoSullaMarcellana_2;{P};H;;;http://www.snam.it/en/transportation/Thermal_Year_Archive/Thermal_Year_2013_2014/Info-to-users/index.html;;;;1219;75;;;
Monaco;{P};H;;;Y:\SciGRID_gas\AusTausch\AP5 - Vergleich&Validierung\AP5.3 - SciGrid-Gas Validierung\MetaData\Leitungen\Deutschland\Monaco;;;;;;;;
Montalbano_GaglianoSparacollo_1;{P};H;;;http://www.snam.it/en/transportation/Thermal_Year_Archive/Thermal_Year_2013_2014/Info-to-users/index.html;;;;1219;75;;;
Montalbano_GaglianoSparacollo_2;{P};H;;;http://www.snam.it/en/transportation/Thermal_Year_Archive/Thermal_Year_2013_2014/Info-to-users/index.html;;;;1219;75;;;
Montalbano_GaglianoSparacollo_3;{P};H;;;http://www.snam.it/en/transportation/Thermal_Year_Archive/Thermal_Year_2013_2014/Info-to-users/index.html;;;;1219;75;;;
Montesa_Ibiza;{P};H;;;Extra;;;;;;;;
Montesa_Tivisa;{P};H;;;Extra;;;;;;;;
MontesanoSullaMarcellana_Melizzano_1;{P};H;;;http://www.snam.it/en/transportation/Thermal_Year_Archive/Thermal_Year_2013_2014/Info-to-users/index.html;;;;1219;75;;;
MontesanoSullaMarcellana_Melizzano_2;{P};H;;;http://www.snam.it/en/transportation/Thermal_Year_Archive/Thermal_Year_2013_2014/Info-to-users/index.html;;;;1219;75;;;
Montoir_Donges_Extra;{P};H;;;Extra;;;;;;;;
MontoirDeBretagne_Paris;{P};H;;;https://theodora.com/pipelines/france_and_belgium_pipelines.html;;;350;914;;;;
Morano_Tarsia_1;{P};H;;;http://www.snam.it/en/transportation/Thermal_Year_Archive/Thermal_Year_2013_2014/Info-to-users/index.html;;;;1219;75;;;
Morano_Tarsia_2;{P};H;;;http://www.snam.it/en/transportation/Thermal_Year_Archive/Thermal_Year_2013_2014/Info-to-users/index.html;;;;1219;75;;;
Morano_Tarsia_3;{P};H;;;http://www.snam.it/en/transportation/Thermal_Year_Archive/Thermal_Year_2013_2014/Info-to-users/index.html;;;;1219;75;;;
Mortara_Alessandria_1;{P};H;;;http://www.snam.it/en/transportation/Thermal_Year_Archive/Thermal_Year_2013_2014/Info-to-users/index.html;;;;762;70;;;
Mortara_Alessandria_2;{P};H;;;http://www.snam.it/en/transportation/Thermal_Year_Archive/Thermal_Year_2013_2014/Info-to-users/index.html;;;;609.6;64;;;
Mortara_Cervignano_1;{P};H;;;http://www.snam.it/en/transportation/Thermal_Year_Archive/Thermal_Year_2013_2014/Info-to-users/index.html;;;;762;70;;;
Mortara_Cervignano_2;{P};H;;;http://www.snam.it/en/transportation/Thermal_Year_Archive/Thermal_Year_2013_2014/Info-to-users/index.html;;;;1219;75;;;
Nabucco;{P};H;-999;-999;https://de.wikipedia.org/wiki/Baumgarten_an_der_March;;;1.329;1220;;10;;
Nancy_Bourbonne;{P};H;;;E25;;;;;;;;
Nancy_Lyon;{P};H;;;https://theodora.com/pipelines/france_and_belgium_pipelines.html;;;;;;;;
Nancy_Strasbourg;{P};H;;;https://theodora.com/pipelines/france_and_belgium_pipelines.html;;;;;;;;
NEL;{P};H;2013;;https://de.wikipedia.org/wiki/NEL_(Pipeline),https://en.wikipedia.org/wiki/NEL_pipeline,https://www.fluxys.com/nel/en/NELSystemInfo/AboutNEL;;0;441;1422;100;20;;Line Valve station every 15-18 km
NETRA;{P};H;1999;;https://de.wikipedia.org/wiki/Norddeutsche_Erdgas-Transversale,https://en.wikipedia.org/wiki/Netra;;0;408;1200;;21.4;;
Netzkupplung_Drohne;{P};H;2018;;FNB_GAS_Projekte_2014_02_17_anlage_6_nep-gas-2014_projekt-steckbriefe.pdf;;;26;600;90;;;
Nordschwarzwaldleitung;{P};H;2016;;FNB_GAS_Projekte_2014_02_17_anlage_6_nep-gas-2014_projekt-steckbriefe.pdf;;;71;600;80;;;
NOWAL;{P};H;;;https://www.gascade.de/presse/presseinformationen/pressemitt,http://www.friedrich-vorwerk.de/de/aktuell/projekte/neubau-nowal-dn-1000.htmleilung/news/bau-der-nord-west-anbindungsleitung-nowal-startet-anfang-maerz/;;;26;1000;100;;;
NWP;{P};H;2006;;North-West Pipeline;;;112;450;;;;
Oltrona_Bizzarone;{P};H;;;http://www.snam.it/en/transportation/Thermal_Year_Archive/Thermal_Year_2013_2014/Info-to-users/index.html;;;;305;24;;;
OPAL_Nord;{P};H;2011;;https://de.wikipedia.org/wiki/OPAL_(Pipeline),https://en.wikipedia.org/wiki/OPAL_pipeline,https://www.opal-gastransport.de/netzinformationen/ostsee-pipeline-anbindungsleitung/;;0;215;1400;100;36.5;;Rohrdicke 22.3 mm
OPAL_Sued;{P};H;2011;;https://de.wikipedia.org/wiki/OPAL_(Pipeline),https://en.wikipedia.org/wiki/OPAL_pipeline,https://www.opal-gastransport.de/netzinformationen/ostsee-pipeline-anbindungsleitung/;;0;215;1400;100;36.5;;Rohrdicke 22.3 mm
Oricola_Ciciliano;{P};H;;;http://www.snam.it/en/transportation/Thermal_Year_Archive/Thermal_Year_2013_2014/Info-to-users/index.html;;;;660;75;;;
Oricola_Sulmona;{P};H;;;http://www.snam.it/en/transportation/Thermal_Year_Archive/Thermal_Year_2013_2014/Info-to-users/index.html;;;;1219;75;;;
Oviedo_Tuy;{P};H;;;http://www.emplpipeline.com/en/the-gas-pipeline/,Extra bei Hand;;;;;;;;
Palagiano_Bernalda_1;{P};H;;;http://www.snam.it/en/transportation/Thermal_Year_Archive/Thermal_Year_2013_2014/Info-to-users/index.html;;;;508;70;;;
Palagiano_Bernalda_2;{P};H;;;http://www.snam.it/en/transportation/Thermal_Year_Archive/Thermal_Year_2013_2014/Info-to-users/index.html;;;;1066.8;75;;;
Palagiano_Latiano_1;{P};H;;;http://www.snam.it/en/transportation/Thermal_Year_Archive/Thermal_Year_2013_2014/Info-to-users/index.html;;;;457;70;;;
Palagiano_Latiano_2;{P};H;;;http://www.snam.it/en/transportation/Thermal_Year_Archive/Thermal_Year_2013_2014/Info-to-users/index.html;;;;1066.8;75;;;
Palmi_Messina_1;{P};H;;;http://www.snam.it/en/transportation/Thermal_Year_Archive/Thermal_Year_2013_2014/Info-to-users/index.html;;;;660.4;115;;;
Palmi_Messina_2;{P};H;;;http://www.snam.it/en/transportation/Thermal_Year_Archive/Thermal_Year_2013_2014/Info-to-users/index.html;;;;660.4;115;;;
Parma_Cortemaggiore;{P};H;;;http://www.snam.it/en/transportation/Thermal_Year_Archive/Thermal_Year_2013_2014/Info-to-users/index.html;;;;1219;75;;;
Parma_Pontremoli;{P};H;;;http://www.snam.it/en/transportation/Thermal_Year_Archive/Thermal_Year_2013_2014/Info-to-users/index.html;;;;762;75;;;
PassoGries_Masera;{P};H;;;http://www.snam.it/en/transportation/Thermal_Year_Archive/Thermal_Year_2013_2014/Info-to-users/index.html;;;;1219;75;;;
PENTA_West;{P};H;;;https://de.wikipedia.org/wiki/Penta-West;;;95;700;70;;;
Pinto_Roccasecca;{P};H;;;http://www.snam.it/en/transportation/Thermal_Year_Archive/Thermal_Year_2013_2014/Info-to-users/index.html;;;;508;;;;
Pitgam_Maldegem;{P};H;2016;;Y:\SciGRID_gas\AusTausch\AP5 - Vergleich&Validierung\AP5.3 - SciGrid-Gas Validierung\Pipelines\Pitgam_Maldegem;;1;98;900;85;8;;
PoggioRenatico_Cortemaggiore;{P};H;;;http://www.snam.it/en/transportation/Thermal_Year_Archive/Thermal_Year_2013_2014/Info-to-users/index.html;;;;1066.8;75;;;
PoggioRenatico_Minerbio_1;{P};H;;;http://www.snam.it/en/transportation/Thermal_Year_Archive/Thermal_Year_2013_2014/Info-to-users/index.html;;;;863.6;70;;;
PoggioRenatico_Minerbio_2;{P};H;;;http://www.snam.it/en/transportation/Thermal_Year_Archive/Thermal_Year_2013_2014/Info-to-users/index.html;;;;1066.8;75;;;
Poirino_Alessandria;{P};H;;;http://www.snam.it/en/transportation/Thermal_Year_Archive/Thermal_Year_2013_2014/Info-to-users/index.html;;;;558.8;58;;;
Pontebba_Malbroghetto_1;{P};H;;;http://www.snam.it/en/transportation/Thermal_Year_Archive/Thermal_Year_2013_2014/Info-to-users/index.html;;;;1066.8;75;;;
Pontebba_Malbroghetto_2;{P};H;;;http://www.snam.it/en/transportation/Thermal_Year_Archive/Thermal_Year_2013_2014/Info-to-users/index.html;;;;1219;70;;;
Pontremoli_LaSpezia;{P};H;;;http://www.snam.it/en/transportation/Thermal_Year_Archive/Thermal_Year_2013_2014/Info-to-users/index.html;;;;762;70;;;
PortoViro_Cavarzere;{P};H;;;http://www.snam.it/en/transportation/Thermal_Year_Archive/Thermal_Year_2013_2014/Info-to-users/index.html;;;;762;;;;
Puertollano_Madrid;{P};H;;;Extra;;;;;;;;
Quarnstedt_Hamburg;{P};H;;;Extra;;;;;;;;
RavennaMare_Rubicone;{P};H;;;http://www.snam.it/en/transportation/Thermal_Year_Archive/Thermal_Year_2013_2014/Info-to-users/index.html;;;;660;70;;;
RavennaTerra_Casalborsetti_1;{P};H;;;http://www.snam.it/en/transportation/Thermal_Year_Archive/Thermal_Year_2013_2014/Info-to-users/index.html;;;;609.6;70;;;
RavennaTerra_Casalborsetti_2;{P};H;;;http://www.snam.it/en/transportation/Thermal_Year_Archive/Thermal_Year_2013_2014/Info-to-users/index.html;;;;609.6;70;;;
RavennaTerra_RavennaMare_1;{P};H;;;http://www.snam.it/en/transportation/Thermal_Year_Archive/Thermal_Year_2013_2014/Info-to-users/index.html;;;;609.6;70;;;
RavennaTerra_RavennaMare_2;{P};H;;;http://www.snam.it/en/transportation/Thermal_Year_Archive/Thermal_Year_2013_2014/Info-to-users/index.html;;;;330;24;;;
Recanati_Chieti;{P};H;;;http://www.snam.it/en/transportation/Thermal_Year_Archive/Thermal_Year_2013_2014/Info-to-users/index.html;;;;660.4;54;;;
Recanati_Foligno;{P};H;;;http://www.snam.it/en/transportation/Thermal_Year_Archive/Thermal_Year_2013_2014/Info-to-users/index.html;;;;609.6;70;;;
ReggioCalabria_Messina_1;{P};H;;;http://www.snam.it/en/transportation/Thermal_Year_Archive/Thermal_Year_2013_2014/Info-to-users/index.html;;;;508;115;;;
ReggioCalabria_Messina_2;{P};H;;;http://www.snam.it/en/transportation/Thermal_Year_Archive/Thermal_Year_2013_2014/Info-to-users/index.html;;;;508;115;;;
ReggioCalabria_Messina_3;{P};H;;;http://www.snam.it/en/transportation/Thermal_Year_Archive/Thermal_Year_2013_2014/Info-to-users/index.html;;;;508;115;;;
Rende_MaidaSEufemia_1;{P};H;;;http://www.snam.it/en/transportation/Thermal_Year_Archive/Thermal_Year_2013_2014/Info-to-users/index.html;;;;1219;75;;;
Rende_MaidaSEufemia_2;{P};H;;;http://www.snam.it/en/transportation/Thermal_Year_Archive/Thermal_Year_2013_2014/Info-to-users/index.html;;;;1219;75;;;
Rende_MaidaSEufemia_3;{P};H;;;http://www.snam.it/en/transportation/Thermal_Year_Archive/Thermal_Year_2013_2014/Info-to-users/index.html;;;;1219;75;;;
Rheinfeld_Wallbach_Extra;{P};H;;;Extra;;;;;;;;
RHG;{P};H;1994;;https://de.wikipedia.org/wiki/Rehden-Hamburg-Gasleitung,https://en.wikipedia.org/wiki/Rehden%E2%80%93Hamburg_gas_pipeline;;0;132;800;84;;;
Rimini_Sansepolcro;{P};H;;;http://www.snam.it/en/transportation/Thermal_Year_Archive/Thermal_Year_2013_2014/Info-to-users/index.html;;;;660;70;;;
Ripalta_Cortemaggiore_1;{P};H;;;http://www.snam.it/en/transportation/Thermal_Year_Archive/Thermal_Year_2013_2014/Info-to-users/index.html;;;;1219;75;;;
Ripalta_Cortemaggiore_2;{P};H;;;http://www.snam.it/en/transportation/Thermal_Year_Archive/Thermal_Year_2013_2014/Info-to-users/index.html;;;;762;70;;;
Roussines_Paris;{P};H;;;Extra;;;;;;;;
Rubicone_Rimini;{P};H;;;http://www.snam.it/en/transportation/Thermal_Year_Archive/Thermal_Year_2013_2014/Info-to-users/index.html;;;;660;70;;;
Salzwedel_Berlin;{P};H;;;Verbindungsstueck von NETRA nach Berlin;;;;;;;;
Salzwedel_Berlin_Extra;{P};H;;;Extra;;;;;;;;
Sansepolcro_TerranuovaBracc;{P};H;;;http://www.snam.it/en/transportation/Thermal_Year_Archive/Thermal_Year_2013_2014/Info-to-users/index.html;;;;609.6;70;;;
Santander_Avilles;{P};H;;;https://theodora.com/pipelines/france_and_belgium_pipelines.html,E88;;;;;;;;
SuedDeutschland;{P};H;;;;;;;;;;;
Schwandorf_Forchheim;{P};H;2018;;FNB_GAS_Projekte_2014_02_17_anlage_6_nep-gas-2014_projekt-steckbriefe.pdf;;;62;1000;100;;;
Sergnano_Cremona;{P};H;;;http://www.snam.it/en/transportation/Thermal_Year_Archive/Thermal_Year_2013_2014/Info-to-users/index.html;;;;1219;75;;;
Sergnano_Vigasio;{P};H;;;http://www.snam.it/en/transportation/Thermal_Year_Archive/Thermal_Year_2013_2014/Info-to-users/index.html;;;;863.6;58;;;
Serrablo_Barcelona;{P};H;;;https://theodora.com/pipelines/france_and_belgium_pipelines.html;;;;;;;;
Settala_Monza;{P};H;;;http://www.snam.it/en/transportation/Thermal_Year_Archive/Thermal_Year_2013_2014/Info-to-users/index.html;;;;914;24;;;
Setubal_Leira;{P};H;;;https://theodora.com/pipelines/france_and_belgium_pipelines.html,E65;;;179;711;;;;
SNIP;{P};H;1996;;https://en.wikipedia.org/wiki/Scotland-Northern_Ireland_pipeline,E127 Scotland-Northern Ireland pipeline, from Scotland to Ireland;;0;135;610;75;2.9;;
SNP;{P};H;;;South-North Pipeline;;;156;;;;;
SOL;{P};H;;;Y:\SciGRID_gas\AusTausch\AP5 - Vergleich&Validierung\AP5.3 - SciGrid-Gas Validierung\Pipelines\SOL,Sued Ost Leitung Oesterreich;;;26;500;70;;;
SPoloDiPiave_Flaibano_1;{P};H;;;http://www.snam.it/en/transportation/Thermal_Year_Archive/Thermal_Year_2013_2014/Info-to-users/index.html;;;;914.4;58;;;
SPoloDiPiave_Flaibano_2;{P};H;;;http://www.snam.it/en/transportation/Thermal_Year_Archive/Thermal_Year_2013_2014/Info-to-users/index.html;;;;1219.2;75;;;
SPoloDiPiave_Flaibano_3;{P};H;;;http://www.snam.it/en/transportation/Thermal_Year_Archive/Thermal_Year_2013_2014/Info-to-users/index.html;;;;1066.8;70;;;
STEGAL;{P};H;1993;;https://www.gascade.de/netzinformationen/unser-leitungsnetz/stegal/,https://en.wikipedia.org/wiki/STEGAL,https://de.wikipedia.org/wiki/STEGAL;;;313;800 - 1000;;;3;
STEGAL_Loop;{P};H;2006;;https://www.gascade.de/netzinformationen/unser-leitungsnetz/stegal/;;;97;1000;;3.5;;
StFergus_Birmingham;{P};H;;;https://theodora.com/pipelines/france_and_belgium_pipelines.html,E112;;;;912;;;;
StFergus_Exeter;{P};H;;;https://theodora.com/pipelines/france_and_belgium_pipelines.html,E113;;;;;;;;
StHubert_Weissweiler;{P};H;2024;;FNB_GAS_Projekte_2014_02_17_anlage_6_nep-gas-2014_projekt-steckbriefe.pdf;;;95;1000;100;;;
StMartin_StCezaire_1;{P};H;;;https://theodora.com/pipelines/france_and_belgium_pipelines.html;;;182;406;;;;
StMartin_StCezaire_2;{P};H;;;https://theodora.com/pipelines/france_and_belgium_pipelines.html;;;182;610;;;;
Stolberg_Eynatten;{P};H;2018;;FNB_GAS_Projekte_2014_02_17_anlage_6_nep-gas-2014_projekt-steckbriefe.pdf;;1;12;700;100;;;
TAG_1;{P};H;1965;;https://de.wikipedia.org/wiki/Trans_Austria_Gasleitung,https://en.wikipedia.org/wiki/Trans_Austria_Gas_Pipeline;;1;383;900;70;13.9;2018;
TAG_2;{P};H;1970;;https://de.wikipedia.org/wiki/Trans_Austria_Gasleitung,https://en.wikipedia.org/wiki/Trans_Austria_Gas_Pipeline;;1;378;1050;70;13.9;2018;
TAG_Loop_2;{P};H;2007;;https://de.wikipedia.org/wiki/Trans_Austria_Gasleitung,https://en.wikipedia.org/wiki/Trans_Austria_Gas_Pipeline;;1;376;1000;70;13.9;2018;
TAP;{P};H;2020;;https://de.wikipedia.org/wiki/Trans-Adria-Pipeline,https://en.wikipedia.org/wiki/Trans_Adriatic_Pipeline;;0;870;1,219;;20;;
Tarsia_Crotone;{P};H;;;http://www.snam.it/en/transportation/Thermal_Year_Archive/Thermal_Year_2013_2014/Info-to-users/index.html;;;;508;70;;;
Tarsia_Rende_1;{P};H;;;http://www.snam.it/en/transportation/Thermal_Year_Archive/Thermal_Year_2013_2014/Info-to-users/index.html;;;;1219;75;;;
Tarsia_Rende_2;{P};H;;;http://www.snam.it/en/transportation/Thermal_Year_Archive/Thermal_Year_2013_2014/Info-to-users/index.html;;;;1219;75;;;
Tarsia_Rende_3;{P};H;;;http://www.snam.it/en/transportation/Thermal_Year_Archive/Thermal_Year_2013_2014/Info-to-users/index.html;;;;1219;75;;;
TENP;{P};H;1975;;https://de.wikipedia.org/wiki/Trans-Europa-Naturgas-Pipeline;;1;500;900-950;;15.5;2018;
TENP_Loop;{P};H;2006;;https://de.wikipedia.org/wiki/Trans-Europa-Naturgas-Pipeline;;1;500;900-1000;;;2018;
TerranuovaBracc_GalleseCivitaCast_1;{P};H;;;http://www.snam.it/en/transportation/Thermal_Year_Archive/Thermal_Year_2013_2014/Info-to-users/index.html;;;;1219;75;;;
TerranuovaBracc_GalleseCivitaCast_2;{P};H;;;http://www.snam.it/en/transportation/Thermal_Year_Archive/Thermal_Year_2013_2014/Info-to-users/index.html;;;;1066.8;75;;;
TerranuovaBracc_Livorno;{P};H;;;http://www.snam.it/en/transportation/Thermal_Year_Archive/Thermal_Year_2013_2014/Info-to-users/index.html;;;;508;75;;;
Terxanne_Annecy_1;{P};H;;;https://theodora.com/pipelines/france_and_belgium_pipelines.html;;;;406;;;;
Terxanne_Annecy_2;{P};H;;;https://theodora.com/pipelines/france_and_belgium_pipelines.html;;;;508;;;;
Theddlethorpe_Killingholme_1;{P};H;;;https://theodora.com/pipelines/france_and_belgium_pipelines.html,E114;;;52;508;;;;
Theddlethorpe_Killingholme_2;{P};H;;;https://theodora.com/pipelines/france_and_belgium_pipelines.html,E114;;;52;762;;;;
Tivisa_Barcelona;{P};H;;;Extra;;;;;;;;
Tivisa_VillarDeArnedo;{P};H;;;Extra;;;;;;;;
Transgas;{P};H;;;https://de.wikipedia.org/wiki/Transgas-Pipeline,Extra;;;;900;;;;
Transitgas_1;{P};H;1974;;https://en.wikipedia.org/wiki/Transitgas_Pipeline,transitgassystem_en.gif,https://web.archive.org/web/20070808033932/http://www.swissgas.ch/en/3_2.php;;;71;900;67.5;35;;
Transitgas_2;{P};H;2002;;https://en.wikipedia.org/wiki/Transitgas_Pipeline,transitgassystem_en.gif,https://web.archive.org/web/20070808033932/http://www.swissgas.ch/en/3_2.php;;;94;1200;75;35;;
Transitgas_3;{P};H;1994;;https://en.wikipedia.org/wiki/Transitgas_Pipeline,transitgassystem_en.gif,https://web.archive.org/web/20070808033932/http://www.swissgas.ch/en/3_2.php;;;35;900;67.5;;;
Transitgas_4;{P};H;2002;;https://en.wikipedia.org/wiki/Transitgas_Pipeline,transitgassystem_en.gif,https://web.archive.org/web/20070808033932/http://www.swissgas.ch/en/3_2.php;;;38;1200;67.5;;;
Transitgas_Frankreich;{P};H;2001;;https://en.wikipedia.org/wiki/Transitgas_Pipeline,https://web.archive.org/web/20070808033932/http://www.swissgas.ch/en/3_2.php;;;55;900;67.5;;;
Transitgas_Frankreich_Extra;{P};H;;;Extra;;;;;;;;
Tuy_Braga;{P};H;;;https://theodora.com/pipelines/france_and_belgium_pipelines.html,E91;;;75;510;;;;
Valladolid_Palancares;{P};H;;;Extra;;;;;;;;
Varosfoeld_Slobodnica;{P};H;;;https://en.wikipedia.org/wiki/V%C3%A1rosf%C3%B6ld%E2%80%93Slobodnica_pipeline;;1;293;800;75;;;
Varosfoeld_Slobodnica;{P};H;;;Extra;;;;;;;;
Vastogirardi_Campochiaro_1;{P};H;;;http://www.snam.it/en/transportation/Thermal_Year_Archive/Thermal_Year_2013_2014/Info-to-users/index.html;;;;1219;75;;;
Vastogirardi_Campochiaro_2;{P};H;;;http://www.snam.it/en/transportation/Thermal_Year_Archive/Thermal_Year_2013_2014/Info-to-users/index.html;;;;1219;75;;;
Vastogirardi_Sulmona_1;{P};H;;;http://www.snam.it/en/transportation/Thermal_Year_Archive/Thermal_Year_2013_2014/Info-to-users/index.html;;;;1219;75;;;
Vastogirardi_Sulmona_2;{P};H;;;http://www.snam.it/en/transportation/Thermal_Year_Archive/Thermal_Year_2013_2014/Info-to-users/index.html;;;;1219;75;;;
Veruno_Golasecca;{P};H;;;http://www.snam.it/en/transportation/Thermal_Year_Archive/Thermal_Year_2013_2014/Info-to-users/index.html;;;;610;70;;;
Veruno_Mortara_1;{P};H;;;http://www.snam.it/en/transportation/Thermal_Year_Archive/Thermal_Year_2013_2014/Info-to-users/index.html;;;;860;55;;;
Veruno_Mortara_2;{P};H;;;http://www.snam.it/en/transportation/Thermal_Year_Archive/Thermal_Year_2013_2014/Info-to-users/index.html;;;;1219;75;;;
Vigasio_Trento;{P};H;;;http://www.snam.it/en/transportation/Thermal_Year_Archive/Thermal_Year_2013_2014/Info-to-users/index.html;;;;304.8;64;;;
Vigasio_Zimella;{P};H;;;http://www.snam.it/en/transportation/Thermal_Year_Archive/Thermal_Year_2013_2014/Info-to-users/index.html;;;;863.6;58;;;
VillarDeArnedo_Burgos;{P};H;;;Extra;;;;;;;;
VillarDeArnedo_Navarra;{P};H;;;Extra;;;;;;;;
Villesse_Gorizia;{P};H;;;http://www.snam.it/en/transportation/Thermal_Year_Archive/Thermal_Year_2013_2014/Info-to-users/index.html;;;;1066.8;75;;;
Voigtslach_Paffrath;{P};L;2023;;FNB_GAS_Projekte_2014_02_17_anlage_6_nep-gas-2014_projekt-steckbriefe.pdf;;;23.2;900;70;;;
WAG;{P};H;1980;;https://de.wikipedia.org/wiki/West-Austria-Gasleitung;;;245;800;70;;;
WAG_E;{P};H;2013;;https://www.habau.at/de/projekte/erdgasleitung-wag-expansion-3;;1;63;1200;90;;;
WAG_PLUS_600_1;{P};H;2007;;https://www.habau.at/de/projekte/erdgasleitung-wag-plus-600-phase-1;;1;41;1200;90;;;
WAG_PLUS_600_2;{P};H;2007;;https://www.habau.at/de/projekte/erdgasleitung-wag-plus-600-phase-1;;1;2.9;1200;90;;;
WEDAL;{P};H;1998;;https://de.wikipedia.org/wiki/WEDAL,https://www.gascade.de/netzinformationen/unser-leitungsnetz/wedal/;;0;319;800;;10;2;
ZaharaDeLosAtunes_Cordoba;{P};H;;;http://www.emplpipeline.com/en/the-gas-pipeline/,Extra;;;;;;;;
Zamora_Oviedo;{P};H;;;http://www.emplpipeline.com/en/the-gas-pipeline/,Extra;;;;;;;;
Zamora_Valladolid;{P};H;;;E74;;;;;;;;
Zimella_Istrana_1;{P};H;;;http://www.snam.it/en/transportation/Thermal_Year_Archive/Thermal_Year_2013_2014/Info-to-users/index.html;;;;863.6;58;;;
Zimella_Istrana_2;{P};H;;;http://www.snam.it/en/transportation/Thermal_Year_Archive/Thermal_Year_2013_2014/Info-to-users/index.html;;;;1066.8;70;;;
Zimella_Istrana_3;{P};H;;;http://www.snam.it/en/transportation/Thermal_Year_Archive/Thermal_Year_2013_2014/Info-to-users/index.html;;;;1422.4;75;;;
Zimella_PoggioRenatico_1;{P};H;;;http://www.snam.it/en/transportation/Thermal_Year_Archive/Thermal_Year_2013_2014/Info-to-users/index.html;;;;1219;75;;;
Zimella_PoggioRenatico_2;{P};H;;;http://www.snam.it/en/transportation/Thermal_Year_Archive/Thermal_Year_2013_2014/Info-to-users/index.html;;;;863;70;;;
No56;{P};H;;;Y:\SciGRID_gas\AusTausch\AP5 - Vergleich&Validierung\AP5.3 - SciGrid-Gas Validierung\MetaData\Kompressoren\Deutschland\Rixfeld;;;;;;;;
No57;{P};H;;;Y:\SciGRID_gas\AusTausch\AP5 - Vergleich&Validierung\AP5.3 - SciGrid-Gas Validierung\MetaData\Kompressoren\Deutschland\Rixfeld;;;;;;;;
No83;{P};H;;;Y:\SciGRID_gas\AusTausch\AP5 - Vergleich&Validierung\AP5.3 - SciGrid-Gas Validierung\MetaData\Kompressoren\Deutschland\Rixfeld;;;;;;;;
